1,1,Rueben Bain,Miami (FL),EDGE,2025-11-23,,,Florida,ACC,35
2,2,Arvell Reese,Ohio State,LB,2025-11-23,,,Ohio,Big Ten,35
3,3,Fernando Mendoza,Indiana,QB,2025-11-23,,,Indiana,Big Ten,35
4,4,Ty Simpson,Alabama,QB,2025-11-23,,,Alabama,SEC,35
5,5,Jordyn Tyson,Arizona State,WR,2025-11-23,,,Arizona,Big 12,35
6,6,Caleb Downs,Ohio State,S,2025-11-23,,,Ohio,Big Ten,35
7,7,Dante Moore,Oregon,QB,2025-11-23,,,Oregon,Big Ten,35
8,8,Peter Woods,Clemson,DL,2025-11-23,,,South Carolina,ACC,35
9,9,Spencer Fano,Utah,OT,2025-11-23,,,Utah,Big 12,35
10,10,Keldric Faulk,Auburn,EDGE,2025-11-23,,,Alabama,SEC,35
11,11,Carnell Tate,Ohio State,WR,2025-11-23,,,Ohio,Big Ten,30
12,12,Francis Mauigoa,Miami (FL),OT,2025-11-23,,,Florida,ACC,30
13,13,Jeremiyah Love,Notre Dame,RB,2025-11-23,,,Indiana,FBS - Independent,30
14,14,Mansoor Delane,LSU,CB,2025-11-23,,,Louisiana,SEC,30
15,15,Kadyn Proctor,Alabama,OT,2025-11-23,,,Alabama,SEC,30
16,16,David Bailey,Texas Tech,EDGE,2025-11-23,,,Texas,Big 12,30
17,17,Jermod McCoy,Tennessee,CB,2025-11-23,,,Tennessee,SEC,30
18,18,T.J. Parker,Clemson,EDGE,2025-11-23,,,South Carolina,ACC,30
19,19,Makai Lemon,USC,WR,2025-11-23,,,California,Big Ten,30
20,20,Kenyon Sadiq,Oregon,TE,2025-11-23,,,Oregon,Big Ten,30
21,21,Caleb Lomu,Utah,OT,2025-11-23,,,Utah,Big 12,30
22,22,LaNorris Sellers,South Carolina,QB,2025-11-23,,,South Carolina,SEC,30
23,23,Sonny Styles,Ohio State,LB,2025-11-23,,,Ohio,Big Ten,30
24,24,Avieon Terrell,Clemson,CB,2025-11-23,,,South Carolina,ACC,30
25,25,Denzel Boston,Washington,WR,2025-11-23,,,Washington,Big Ten,30
26,26,Cashius Howell,Texas A&M,EDGE,2025-11-23,,,Texas,SEC,25
27,27,Olaivavega Ioane,Penn State,IOL,2025-11-23,,,Pennsylvania,Big Ten,25
28,28,C.J. Allen,Georgia,LB,2025-11-23,,,Georgia,SEC,25
29,29,Colton Hood,Tennessee,CB,2025-11-23,,,Tennessee,SEC,25
30,30,Chris Bell,Louisville,WR,2025-11-23,,,Kentucky,ACC,25
31,31,Matayo Uiagalelei,Oregon,EDGE,2025-11-23,,,Oregon,Big Ten,25
32,32,Garrett Nussmeier,LSU,QB,2025-11-23,,,Louisiana,SEC,25
33,33,Kayden McDonald,Ohio State,DL,2025-11-23,,,Ohio,Big Ten,25
34,34,Kevin Concepcion,Texas A&M,WR,2025-11-23,,,Texas,SEC,25
35,35,L.T. Overton,Alabama,EDGE,2025-11-23,,,Alabama,SEC,25
36,36,Caleb Banks,Florida,DL,2025-11-23,,,Florida,SEC,20
37,37,Anthony Hill Jr.,Texas,LB,2025-11-23,,,Texas,SEC,20
38,38,Gennings Dunker,Iowa,OT,2025-11-23,,,Iowa,Big Ten,20
39,39,Chris Brazzell,Tennessee,WR,2025-11-23,,,Tennessee,SEC,20
40,40,Brandon Cisse,South Carolina,CB,2025-11-23,,,South Carolina,SEC,20
41,41,A'Mauri Washington,Oregon,DL,2025-11-23,,,Oregon,Big Ten,20
42,42,Germie Bernard,Alabama,WR,2025-11-23,,,Alabama,SEC,20
43,43,R Mason Thomas,Oklahoma,EDGE,2025-11-23,,,Oklahoma,SEC,20
44,44,A.J. Harris,Penn State,CB,2025-11-23,,,Pennsylvania,Big Ten,20
45,45,Zion Young,Missouri,EDGE,2025-11-23,,,Missouri,SEC,20
46,46,Elijah Prather,Troy,IOL,2025-11-23,,,Alabama,FBS - Sun Belt,20
47,47,Christen Miller,Georgia,DL,2025-11-23,,,Georgia,SEC,20
48,48,Isaiah World,Oregon,OT,2025-11-23,,,Oregon,Big Ten,20
49,49,Emmanuel Pregnon,Oregon,IOL,2025-11-23,,,Oregon,Big Ten,20
50,50,Keith Abney II,Arizona State,CB,2025-11-23,,,Arizona,Big 12,20
51,51,Joshua Josephs,Tennessee,EDGE,2025-11-23,,,Tennessee,SEC,20
52,52,Quincy Rhodes Jr.,Arkansas,EDGE,2025-11-23,,,Arkansas,SEC,20
53,53,Dillon Thieneman,Oregon,S,2025-11-23,,,Oregon,Big Ten,20
54,54,Connor Lew,Auburn,IOL,2025-11-23,,,Alabama,SEC,20
55,55,Romello Height,Texas Tech,EDGE,2025-11-23,,,Texas,Big 12,20
56,56,Jayden Maiava,USC,QB,2025-11-23,,,California,Big Ten,20
57,57,Caleb Tiernan,Northwestern,OT,2025-11-23,,,Illinois,Big Ten,20
58,58,Kamari Ramsey,USC,S,2025-11-23,,,California,Big Ten,20
59,59,Domonique Orange,Iowa State,DL,2025-11-23,,,Iowa,Big 12,20
60,60,Trevor Goosby,Texas,OT,2025-11-23,,,Texas,SEC,15
61,61,Max Klare,Ohio State,TE,2025-11-23,,,Ohio,Big Ten,15
62,62,Chris Johnson,San Diego State,CB,2025-11-23,,,California,FBS - Mountain West,15
63,63,Blake Miller,Clemson,OT,2025-11-23,,,South Carolina,ACC,15
64,64,Ja'Kobi Lane,USC,WR,2025-11-23,,,California,Big Ten,15
65,65,Malik Muhammad,Texas,CB,2025-11-23,,,Texas,SEC,15
66,66,Jake Golday,Cincinnati,LB,2025-11-23,,,Ohio,Big 12,15
67,67,Davison Igbinosun,Ohio State,CB,2025-11-23,,,Ohio,Big Ten,15
68,68,Justice Haynes,Michigan,RB,2025-11-23,,,Michigan,Big Ten,15
69,69,Emmanuel McNeil-Warren,Toledo,S,2025-11-23,,,Ohio,FBS - MAC,15
70,70,Jonah Coleman,Washington,RB,2025-11-23,,,Washington,Big Ten,15
71,71,Elijah Sarratt,Indiana,WR,2025-11-23,,,Indiana,Big Ten,10
72,72,Cade Klubnik,Clemson,QB,2025-11-23,,,South Carolina,ACC,10
73,73,Malachi Fields,Notre Dame,WR,2025-11-23,,,Indiana,FBS - Independent,10
74,74,John Mateer,Oklahoma,QB,2025-11-23,,,Oklahoma,SEC,10
75,75,Dani Dennis-Sutton,Penn State,EDGE,2025-11-23,,,Pennsylvania,Big Ten,10
76,76,Domani Jackson,Alabama,CB,2025-11-23,,,Alabama,SEC,10
77,77,Damon Wilson Jr.,Missouri,EDGE,2025-11-23,,,Missouri,SEC,10
78,78,Michael Trigg,Baylor,TE,2025-11-23,,,Texas,Big 12,10
79,79,Chase Bisontis,Texas A&M,IOL,2025-11-23,,,Texas,SEC,10
80,80,Darian Mensah,Duke,QB,2025-11-23,,,North Carolina,ACC,10
81,81,Brian Parker II,Duke,OT,2025-11-23,,,North Carolina,ACC,10
82,82,Nyck Harbor,South Carolina,WR,2025-11-23,,,South Carolina,SEC,10
83,83,Will Lee III,Texas A&M,CB,2025-11-23,,,Texas,SEC,10
84,84,Jake Slaughter,Florida,IOL,2025-11-23,,,Florida,SEC,10
85,85,Jadarian Price,Notre Dame,RB,2025-11-23,,,Indiana,FBS - Independent,10
86,86,Antonio Williams,Clemson,WR,2025-11-23,,,South Carolina,ACC,10
87,87,Dontay Corleone,Cincinnati,DL,2025-11-23,,,Ohio,Big 12,10
88,88,Gabe Jacas,Illinois,EDGE,2025-11-23,,,Illinois,Big Ten,10
89,89,Parker Brailsford,Alabama,IOL,2025-11-23,,,Alabama,SEC,10
90,90,A.J. Haulcy,LSU,S,2025-11-23,,,Louisiana,SEC,10
91,91,Jalon Kilgore,South Carolina,S,2025-11-23,,,South Carolina,SEC,10
92,92,Deontae Lawson,Alabama,LB,2025-11-23,,,Alabama,SEC,10
93,93,Jaishawn Barham,Michigan,LB,2025-11-23,,,Michigan,Big Ten,10
94,94,Taurean York,Texas A&M,LB,2025-11-23,,,Texas,SEC,10
95,95,Zakee Wheatley,Penn State,S,2025-11-23,,,Pennsylvania,Big Ten,10
96,96,Harold Perkins,LSU,LB,2025-11-23,,,Louisiana,SEC,10
97,97,Darrell Jackson Jr.,Florida State,DL,2025-11-23,,,Florida,ACC,10
98,98,Eric Singleton Jr.,Auburn,WR,2025-11-23,,,Alabama,SEC,10
99,99,D'angelo Ponds,Indiana,CB,2025-11-23,,,Indiana,Big Ten,10
100,100,Austin Barber,Florida,OT,2025-11-23,,,Florida,SEC,10
101,101,Iapani Laloulu,Oregon,IOL,2025-11-23,,,Oregon,Big Ten,8
102,102,Cayden Green,Missouri,OT,2025-11-23,,,Missouri,SEC,8
103,103,Mateen Ibirogba,Wake Forest,DL,2025-11-23,,,North Carolina,ACC,8
104,104,Jack Endries,Texas,TE,2025-11-23,,,Texas,SEC,8
105,105,Whit Weeks,LSU,LB,2025-11-23,,,Louisiana,SEC,8
106,106,Tyreak Sapp,Florida,EDGE,2025-11-23,,,Florida,SEC,8
107,107,Chandler Rivers,Duke,CB,2025-11-23,,,North Carolina,ACC,8
108,108,DJ McKinney,Colorado,CB,2025-11-23,,,Colorado,Big 12,8
109,109,Austin Siereveld,Ohio State,OT,2025-11-23,,,Ohio,Big Ten,8
110,110,Xavier Scott,Illinois,S,2025-11-23,,,Illinois,Big Ten,8
111,111,Kobe Baynes,Kansas,IOL,2025-11-23,,,Kansas,Big 12,8
112,112,Drew Allar,Penn State,QB,2025-11-23,,,Pennsylvania,Big Ten,8
113,113,Zachariah Branch,Georgia,WR,2025-11-23,,,Georgia,SEC,8
114,114,Genesis Smith,Arizona,S,2025-11-23,,,Arizona,Big 12,8
115,115,Julian Neal,Arkansas,CB,2025-11-23,,,Arkansas,SEC,8
116,116,Tacario Davis,Washington,CB,2025-11-23,,,Washington,Big Ten,8
117,117,Derrick Moore,Michigan,EDGE,2025-11-23,,,Michigan,Big Ten,8
118,118,Brendan Sorsby,Cincinnati,QB,2025-11-23,,,Ohio,Big 12,8
119,119,Deion Burks,Oklahoma,WR,2025-11-23,,,Oklahoma,SEC,8
120,120,Jermaine Mathews Jr.,Ohio State,CB,2025-11-23,,,Ohio,Big Ten,8
121,121,Lee Hunter,Texas Tech,DL,2025-11-23,,,Texas,Big 12,7
122,122,Logan Jones,Iowa,IOL,2025-11-23,,,Iowa,Big Ten,7
123,123,Carson Beck,Miami (FL),QB,2025-11-23,,,Florida,ACC,7
124,124,Drew Shelton,Penn State,OT,2025-11-23,,,Pennsylvania,Big Ten,7
125,125,Amare Ferrell,Indiana,S,2025-11-23,,,Indiana,Big Ten,7
126,126,Oscar Delp,Georgia,TE,2025-11-23,,,Georgia,SEC,7
127,127,Nick Singleton,Penn State,RB,2025-11-23,,,Pennsylvania,Big Ten,7
128,128,Eli Stowers,Vanderbilt,TE,2025-11-23,,,Tennessee,SEC,7
129,129,Xavier Chaplin,Auburn,OT,2025-11-23,,,Alabama,SEC,7
130,130,Ian Strong,Rutgers,WR,2025-11-23,,,New Jersey,Big Ten,7
131,131,Anthony Smith,Minnesota,DL,2025-11-23,,,Minnesota,Big Ten,7
132,132,Omar Cooper Jr.,Indiana,WR,2025-11-23,,,Indiana,Big Ten,7
133,133,Zxavian Harris,Ole Miss,DL,2025-11-23,,,Mississippi,SEC,7
134,134,Kaytron Allen,Penn State,RB,2025-11-23,,,Pennsylvania,Big Ten,7
135,135,Terrance Carter,Texas Tech,TE,2025-11-23,,,Texas,Big 12,7
136,136,Akheem Mesidor,Miami (FL),EDGE,2025-11-23,,,Florida,ACC,7
137,137,Bishop Fitzgerald,USC,S,2025-11-23,,,California,Big Ten,7
138,138,Max Iheanachor,Arizona State,OT,2025-11-23,,,Arizona,Big 12,7
139,139,Skyler Bell,UConn,WR,2025-11-23,,,Connecticut,FBS - AAC,7
140,140,Jacob Rodriguez,Texas Tech,LB,2025-11-23,,,Texas,Big 12,7
141,141,Demond Claiborne,Wake Forest,RB,2025-11-23,,,North Carolina,ACC,7
142,142,Suntarine Perkins,Ole Miss,LB,2025-11-23,,,Mississippi,SEC,7
143,143,Keon Sabb,Alabama,S,2025-11-23,,,Alabama,SEC,7
144,144,Kade Pieper,Iowa,IOL,2025-11-23,,,Iowa,Big Ten,7
145,145,Daylen Everette,Georgia,CB,2025-11-23,,,Georgia,SEC,7
146,146,Dametrious Crownover,Texas A&M,OT,2025-11-23,,,Texas,SEC,7
147,147,Anto Saka,Northwestern,EDGE,2025-11-23,,,Illinois,Big Ten,7
148,148,Michael Taaffe,Texas,S,2025-11-23,,,Texas,SEC,7
149,149,Mikail Kamara,Indiana,EDGE,2025-11-23,,,Indiana,Big Ten,7
150,150,Lander Barton,Utah,LB,2025-11-23,,,Utah,Big 12,7
151,151,Anthony Lucas,USC,EDGE,2025-11-23,,,California,Big Ten,6
152,152,Tim Keenan III,Alabama,DL,2025-11-23,,,Alabama,SEC,6
153,153,Joe Royer,Cincinnati,TE,2025-11-23,,,Ohio,Big 12,6
154,154,Jude Bowry,Boston College,OT,2025-11-23,,,Massachusetts,ACC,6
155,155,Aaron Anderson,LSU,WR,2025-11-23,,,Louisiana,SEC,6
156,156,Carter Smith,Indiana,OT,2025-11-23,,,Indiana,Big Ten,6
157,157,Keionte Scott,Miami (FL),CB,2025-11-23,,,Florida,ACC,6
158,158,Zane Durant,Penn State,DL,2025-11-23,,,Pennsylvania,Big Ten,6
159,159,Eric Rivers,Georgia Tech,WR,2025-11-23,,,Georgia,ACC,6
160,160,Liam Becher,North Dakota,IOL,2025-11-23,,,North Dakota,FCS,6
161,161,Hollywood Smothers,NC State,RB,2025-11-23,,,North Carolina,ACC,6
162,162,Cooper Barkate,Duke,WR,2025-11-23,,,North Carolina,ACC,6
163,163,Fa'alili Fa'amoe,Wake Forest,OT,2025-11-23,,,North Carolina,ACC,6
164,164,Sawyer Robertson,Baylor,QB,2025-11-23,,,Texas,Big 12,6
165,165,Bray Hubbard,Alabama,S,2025-11-23,,,Alabama,SEC,6
166,166,Rylan Kennedy,Texas A&M,EDGE,2025-11-23,,,Texas,SEC,6
167,167,Brenen Thompson,Mississippi State,WR,2025-11-23,,,Mississippi,SEC,6
168,168,Brett Norfleet,Missouri,TE,2025-11-23,,,Missouri,SEC,6
169,169,Kage Casey,Boise State,OT,2025-11-23,,,Idaho,FBS - Mountain West,6
170,170,Eli Raridon,Notre Dame,TE,2025-11-23,,,Indiana,FBS - Independent,6
171,171,Bryce Lance,North Dakota State,WR,2025-11-23,,,North Dakota,FCS,6
172,172,Logan Taylor,Boston College,IOL,2025-11-23,,,Massachusetts,ACC,6
173,173,C.J. Fite,Arizona State,DL,2025-11-23,,,Arizona,Big 12,6
174,174,Lance Heard,Tennessee,OT,2025-11-23,,,Tennessee,SEC,6
175,175,Marcel Reed,Texas A&M,QB,2025-11-23,,,Texas,SEC,6
176,176,Emmett Johnson,Nebraska,RB,2025-11-23,,,Nebraska,Big Ten,6
177,177,Cole Rhett,Toledo,OT,2025-11-23,,,Ohio,FBS - MAC,6
178,178,Caden Barnett,Wyoming,OT,2025-11-23,,,Wyoming,FBS - Mountain West,6
179,179,Matt Gulbin,Michigan State,IOL,2025-11-23,,,Michigan,Big Ten,6
180,180,Tao Johnson,Utah,S,2025-11-23,,,Utah,Big 12,6
181,181,Keylan Rutledge,Georgia Tech,IOL,2025-11-23,,,Georgia,ACC,5
182,182,J.C. Davis,Illinois,OT,2025-11-23,,,Illinois,Big Ten,5
183,183,Drayk Bowen,Notre Dame,LB,2025-11-23,,,Indiana,FBS - Independent,5
184,184,Darius Taylor,Minnesota,RB,2025-11-23,,,Minnesota,Big Ten,5
185,185,Red Murdock,Buffalo,LB,2025-11-23,,,New York,FBS - MAC,5
186,186,P.J. Williams,SMU,OT,2025-11-23,,,Texas,ACC,5
187,187,Boubacar Traore,Notre Dame,EDGE,2025-11-23,,,Indiana,FBS - Independent,5
188,188,Kevin Coleman Jr.,Missouri,WR,2025-11-23,,,Missouri,SEC,5
189,189,Jyaire Hill,Michigan,CB,2025-11-23,,,Michigan,Big Ten,5
190,190,Jaeden Roberts,Alabama,IOL,2025-11-23,,,Alabama,SEC,5
191,191,Quintrevion Wisner,Texas,RB,2025-11-23,,,Texas,SEC,5
192,192,Christian Gray,Notre Dame,CB,2025-11-23,,,Indiana,FBS - Independent,5
193,193,Austin Romaine,Kansas State,LB,2025-11-23,,,Kansas,Big 12,5
194,194,DeMonte Capehart,Clemson,DL,2025-11-23,,,South Carolina,ACC,5
195,195,Bear Alexander,Oregon,DL,2025-11-23,,,Oregon,Big Ten,5
196,196,Yhonzae Pierre,Alabama,EDGE,2025-11-23,,,Alabama,SEC,5
197,197,Josh Hoover,TCU,QB,2025-11-23,,,Texas,Big 12,5
198,198,Tanner Arkin,Illinois,TE,2025-11-23,,,Illinois,Big Ten,5
199,199,Patrick Payton,LSU,EDGE,2025-11-23,,,Louisiana,SEC,5
200,200,Eugene Wilson III,Florida,WR,2025-11-23,,,Florida,SEC,5
201,201,Earnest Greene,Georgia,OT,2025-11-23,,,Georgia,SEC,5
202,202,Josh Cameron,Baylor,WR,2025-11-23,,,Texas,Big 12,5
203,203,Gabe Burkle,Iowa State,TE,2025-11-23,,,Iowa,Big 12,5
204,204,C.J. Baxter,Texas,RB,2025-11-23,,,Texas,SEC,5
205,205,J'Mari Taylor,Virginia,RB,2025-11-23,,,Virginia,ACC,5
206,206,Kevin Jennings,SMU,QB,2025-11-23,,,Texas,ACC,5
207,207,Tristan Leigh,Clemson,OT,2025-11-23,,,South Carolina,ACC,5
208,208,Le'Veon Moss,Texas A&M,RB,2025-11-23,,,Texas,SEC,5
209,209,D.J. Campbell,Texas,IOL,2025-11-23,,,Texas,SEC,5
210,210,Justin Jefferson,Alabama,LB,2025-11-23,,,Alabama,SEC,5
211,211,Gracen Halton,Oklahoma,DL,2025-11-23,,,Oklahoma,SEC,5
212,212,Clev Lubin,Louisville,EDGE,2025-11-23,,,Kentucky,ACC,5
213,213,Fisher Camac,Virginia,EDGE,2025-11-23,,,Virginia,ACC,5
214,214,Ryan Baer,Pitt,IOL,2025-11-23,,,Pennsylvania,ACC,5
215,215,Max Llewellyn,Iowa,EDGE,2025-11-23,,,Iowa,Big Ten,5
216,216,R.J. Maryland,SMU,TE,2025-11-23,,,Texas,ACC,5
217,217,Lawson Luckie,Georgia,TE,2025-11-23,,,Georgia,SEC,5
218,218,Rod Moore,Michigan,S,2025-11-23,,,Michigan,Big Ten,5
219,219,Taylen Green,Arkansas,QB,2025-11-23,,,Arkansas,SEC,5
220,220,Zeke Berry,Michigan,S,2025-11-23,,,Michigan,Big Ten,5
221,221,Tanner Koziol,Houston,TE,2025-11-23,,,Texas,Big 12,5
222,222,Wydett Williams Jr.,Ole Miss,S,2025-11-23,,,Mississippi,SEC,5
223,223,Jelani McDonald,Texas,S,2025-11-23,,,Texas,SEC,5
224,224,KP Price,Boston College,S,2025-11-23,,,Massachusetts,ACC,5
225,225,Aidan Chiles,Michigan State,QB,2025-11-23,,,Michigan,Big Ten,5
226,226,Jamarion Miller,Alabama,RB,2025-11-23,,,Alabama,SEC,5
227,227,Treydan Stukes,Arizona,CB,2025-11-23,,,Arizona,Big 12,5
228,228,Amare Campbell,Penn State,LB,2025-11-23,,,Pennsylvania,Big Ten,5
229,229,Sam Leavitt,Arizona State,QB,2025-11-23,,,Arizona,Big 12,5
230,230,Hezekiah Masses,California,CB,2025-11-23,,,California,ACC,5
231,231,LJ Martin,BYU,RB,2025-11-23,,,Utah,Big 12,5
232,232,Beau Atkinson,Ohio State,EDGE,2025-11-23,,,Ohio,Big Ten,5
233,233,Aaron Graves,Iowa,DL,2025-11-23,,,Iowa,Big Ten,5
234,234,Josiah Trotter,Missouri,LB,2025-11-23,,,Missouri,SEC,5
235,235,Nic Anderson,LSU,WR,2025-11-23,,,Louisiana,SEC,5
236,236,Braelin Moore,LSU,IOL,2025-11-23,,,Louisiana,SEC,5
237,237,Dae'Quan Wright,Ole Miss,TE,2025-11-23,,,Mississippi,SEC,5
238,238,Miller Moss,Louisville,QB,2025-11-23,,,Kentucky,ACC,5
239,239,Jaren Kanak,Oklahoma,TE,2025-11-23,,,Oklahoma,SEC,5
240,240,Charles Jagusah,Notre Dame,IOL,2025-11-23,,,Indiana,FBS - Independent,5
241,241,Logan Parr,SMU,IOL,2025-11-23,,,Texas,ACC,5
242,242,Bud Clark,TCU,S,2025-11-23,,,Texas,Big 12,5
243,243,Raylen Wilson,Georgia,LB,2025-11-23,,,Georgia,SEC,5
244,244,Caleb Woodson,Virginia Tech,LB,2025-11-23,,,Virginia,ACC,5
245,245,Jaydn Ott,Oklahoma,RB,2025-11-23,,,Oklahoma,SEC,5
246,246,Hero Kanu,Texas,DL,2025-11-23,,,Texas,SEC,5
247,247,Caden Curry,Ohio State,EDGE,2025-11-23,,,Ohio,Big Ten,5
248,248,Jaden Keller,Virginia Tech,LB,2025-11-23,,,Virginia,ACC,5
249,249,Trey Moore,Texas,EDGE,2025-11-23,,,Texas,SEC,5
250,250,Terion Stewart,Virginia Tech,RB,2025-11-23,,,Virginia,ACC,5
251,251,Desmeal Leigh,Youngstown State,OT,2025-11-23,,,Ohio,FCS,2
252,252,Chris McClellan,Missouri,DL,2025-11-23,,,Missouri,SEC,2
253,253,Samuel Singleton Jr.,Florida State,RB,2025-11-23,,,Florida,ACC,2
254,254,John Henry Daley,Utah,EDGE,2025-11-23,,,Utah,Big 12,2
255,255,Robert Henry Jr.,UTSA,RB,2025-11-23,,,Texas,FBS - AAC,2
256,256,Tyreek Chappell,Texas A&M,CB,2025-11-23,,,Texas,SEC,2
257,257,Fernando Carmona,Arkansas,IOL,2025-11-23,,,Arkansas,SEC,2
258,258,Vincent Anthony Jr.,Duke,EDGE,2025-11-23,,,North Carolina,ACC,2
259,259,Duce Robinson,Florida State,WR,2025-11-23,,,Florida,ACC,2
260,260,Aamil Wagner,Notre Dame,OT,2025-11-23,,,Indiana,FBS - Independent,2
261,261,Jeremiah Wright,Auburn,IOL,2025-11-23,,,Alabama,SEC,2
262,262,Nicolas Radicic,Indiana,K,2025-11-23,,,Indiana,Big Ten,2
263,263,Pat Coogan,Indiana,IOL,2025-11-23,,,Indiana,Big Ten,2
264,264,Trinidad Chambliss,Ole Miss,QB,2025-11-23,,,Mississippi,SEC,2
265,265,Cade McConnell,Vanderbilt,IOL,2025-11-23,,,Tennessee,SEC,2
266,266,Ernest Hausmann,Michigan,LB,2025-11-23,,,Michigan,Big Ten,2
267,267,David Olano,Illinois,K,2025-11-23,,,Illinois,Big Ten,2
268,268,Kam Shanks,Arkansas,WR,2025-11-23,,,Arkansas,SEC,2
269,269,Robert Spears-Jennings,Oklahoma,S,2025-11-23,,,Oklahoma,SEC,2
270,270,Brett Thorson,Georgia,P,2025-11-23,,,Georgia,SEC,2
271,271,Niki Prongos,Stanford,OT,2025-11-23,,,California,ACC,2
272,272,Xavier Nwankpa,Iowa,S,2025-11-23,,,Iowa,Big Ten,2
273,273,Marlin Klein,Michigan,TE,2025-11-23,,,Michigan,Big Ten,2
274,274,Trey Zuhn III,Texas A&M,OT,2025-11-23,,,Texas,SEC,2
275,275,Bryce Boettcher,Oregon,LB,2025-11-23,,,Oregon,Big Ten,2
276,276,Carlos Hernandez,Wake Forest,WR,2025-11-23,,,North Carolina,ACC,2
277,277,Kemari Copeland,Virginia Tech,DL,2025-11-23,,,Virginia,ACC,2
278,278,Hank Beatty,Illinois,WR,2025-11-23,,,Illinois,Big Ten,2
279,279,C.J. Daniels,Miami (FL),WR,2025-11-23,,,Florida,ACC,2
280,280,Emmanuel Henderson,Kansas,WR,2025-11-23,,,Kansas,Big 12,2
281,281,Jalen Catalon,Missouri,S,2025-11-23,,,Missouri,SEC,2
282,282,Will Heldt,Clemson,EDGE,2025-11-23,,,South Carolina,ACC,2
283,283,Makhi Hughes,Oregon,RB,2025-11-23,,,Oregon,Big Ten,2
284,284,Beau Stephens,Iowa,IOL,2025-11-23,,,Iowa,Big Ten,2
285,285,Jeremiah Cooper,Iowa State,S,2025-11-23,,,Iowa,Big 12,2
286,286,Samuel Omosigho,Oklahoma,LB,2025-11-23,,,Oklahoma,SEC,2
287,287,Nico Iamaleava,UCLA,QB,2025-11-23,,,California,Big Ten,2
288,288,Kenyatta Jackson,Ohio State,EDGE,2025-11-23,,,Ohio,Big Ten,2
289,289,Bryan Thomas Jr.,South Carolina,EDGE,2025-11-23,,,South Carolina,SEC,2
290,290,J.Michael Sturdivant,Florida,WR,2025-11-23,,,Florida,SEC,2
291,291,Ephesians Prysock,Washington,CB,2025-11-23,,,Washington,Big Ten,2
292,292,Matthew Hibner,SMU,TE,2025-11-23,,,Texas,ACC,2
293,293,Josh Cuevas,Alabama,TE,2025-11-23,,,Alabama,SEC,2
294,294,Dasan McCullough,Nebraska,EDGE,2025-11-23,,,Nebraska,Big Ten,2
295,295,Jaheim Oatis,Colorado,DL,2025-11-23,,,Colorado,Big 12,2
296,296,Khalil Barnes,Clemson,S,2025-11-23,,,South Carolina,ACC,2
297,297,Isaiah Glasker,BYU,LB,2025-11-23,,,Utah,Big 12,2
298,298,Ar'maj Reed-Adams,Texas A&M,IOL,2025-11-23,,,Texas,SEC,2
299,299,Joey Aguilar,Tennessee,QB,2025-11-23,,,Tennessee,SEC,2
300,300,Alex Harkey,Oregon,OT,2025-11-23,,,Oregon,Big Ten,2
301,301,Kyle Louis,Pitt,LB,2025-11-23,,,Pennsylvania,ACC,1
302,302,Jahiem Lawson,Clemson,EDGE,2025-11-23,,,South Carolina,ACC,1
303,303,Ryan Mosesso,Massachusetts,OT,2025-11-23,,,Massachusetts,FBS - MAC,1
304,304,Nate Johnson,Missouri,EDGE,2025-11-23,,,Missouri,SEC,1
305,305,Chase Roberts,BYU,WR,2025-11-23,,,Utah,Big 12,1
306,306,Malachi Lawrence,UCF,EDGE,2025-11-23,,,Florida,Big 12,1
307,307,Joenel Aguero,Georgia,S,2025-11-23,,,Georgia,SEC,1
308,308,Evan Stewart,Oregon,WR,2025-11-23,,,Oregon,Big Ten,1
309,309,Collin Wright,Stanford,CB,2025-11-23,,,California,ACC,1
310,310,Albert Regis,Texas A&M,DL,2025-11-23,,,Texas,SEC,1
311,311,Caleb Douglas,Texas Tech,WR,2025-11-23,,,Texas,Big 12,1
312,312,Judge Collier,South Carolina,CB,2025-11-23,,,South Carolina,SEC,1
313,313,Kenny Johnson,Pitt,WR,2025-11-23,,,Pennsylvania,ACC,1
314,314,Jamel Johnson,TCU,S,2025-11-23,,,Texas,Big 12,1
315,315,Keanu Tanuvasa,BYU,DL,2025-11-23,,,Utah,Big 12,1
316,316,Isaiah Nwokobia,SMU,S,2025-11-23,,,Texas,ACC,1
317,317,Isaac Smith,Mississippi State,S,2025-11-23,,,Mississippi,SEC,1
318,318,Kanye Udoh,Arizona State,RB,2025-11-23,,,Arizona,Big 12,1
319,319,Datrell Jones,Boston College,WR,2025-11-23,,,Massachusetts,ACC,1
320,320,Jack Velling,Michigan State,TE,2025-11-23,,,Michigan,Big Ten,1
321,321,Cole Wisniewski,Texas Tech,S,2025-11-23,,,Texas,Big 12,1
322,322,Quinten Christensen,South Dakota State,IOL,2025-11-23,,,South Dakota,FCS,1
323,323,Ethan Burke,Texas,EDGE,2025-11-23,,,Texas,SEC,1
324,324,Jacarrius Peak,NC State,OT,2025-11-23,,,North Carolina,ACC,1
325,325,TJ Guy,Michigan,EDGE,2025-11-23,,,Michigan,Big Ten,1
326,326,Michael Harris,Maryland,LB,2025-11-23,,,Maryland,Big Ten,1
327,327,Eli Holstein,Pitt,QB,2025-11-23,,,Pennsylvania,ACC,1
328,328,Devonta Smith,Notre Dame,CB,2025-11-23,,,Indiana,FBS - Independent,1
329,329,Noah Thomas,Georgia,WR,2025-11-23,,,Georgia,SEC,1
330,330,Devin Moore,Florida,CB,2025-11-23,,,Florida,SEC,1
331,331,Thaddeus Dixon,North Carolina,CB,2025-11-23,,,North Carolina,ACC,1
332,332,Dane Key,Nebraska,WR,2025-11-23,,,Nebraska,Big Ten,1
333,333,John Michael Gyllenborg,Wyoming,TE,2025-11-23,,,Wyoming,FBS - Mountain West,1
334,334,James Smith,Alabama,DL,2025-11-23,,,Alabama,SEC,1
335,335,Adonijah Green,Louisville,DL,2025-11-23,,,Kentucky,ACC,1
336,336,Jackie Marshall,Baylor,DL,2025-11-23,,,Texas,Big 12,1
337,337,Izavion Miller,Auburn,OT,2025-11-23,,,Alabama,SEC,1
338,338,Calvin Clements,Kansas,OT,2025-11-23,,,Kansas,Big 12,1
339,339,Josh Thompson,LSU,IOL,2025-11-23,,,Louisiana,SEC,1
340,340,Diego Pounds,Ole Miss,OT,2025-11-23,,,Mississippi,SEC,1
341,341,Monroe Freeling,Georgia,OT,2025-11-23,,,Georgia,SEC,1
342,342,Knijeah Harris,Florida,IOL,2025-11-23,,,Florida,SEC,1
343,343,Febechi Nwaiwu,Oklahoma,IOL,2025-11-23,,,Oklahoma,SEC,1
344,344,Tellek Lockette,Texas State,IOL,2025-11-23,,,Texas,FBS - Sun Belt,1
345,345,Jaden Greathouse,Notre Dame,WR,2025-11-23,,,Indiana,FBS - Independent,1
346,346,Santana Hopper,Tulane,EDGE,2025-11-23,,,Louisiana,FBS - AAC,1
347,347,Cameron Calhoun,Alabama,CB,2025-11-23,,,Alabama,SEC,1
348,348,Greg Johnson,Minnesota,IOL,2025-11-23,,,Minnesota,Big Ten,1
349,349,Malik Spencer,Michigan State,S,2025-11-23,,,Michigan,Big Ten,1
350,350,Avery Johnson,Kansas State,QB,2025-11-23,,,Kansas,Big 12,1
351,351,BJ Williams,Pitt,IOL,2025-11-23,,,Pennsylvania,ACC,1
352,352,Jeadyn Lukus,Clemson,CB,2025-11-23,,,South Carolina,ACC,1
353,353,McKale Boley,Virginia,IOL,2025-11-23,,,Virginia,ACC,1
354,354,Kerry Brown,Minnesota,S,2025-11-23,,,Minnesota,Big Ten,1
355,355,Jelani Thurman,Ohio State,TE,2025-11-23,,,Ohio,Big Ten,1
356,356,Giovanni El-Hadi,Michigan,IOL,2025-11-23,,,Michigan,Big Ten,1
357,357,Ethan Onianwa,Ohio State,OT,2025-11-23,,,Ohio,Big Ten,1
358,358,Marvin Jones Jr.,Oklahoma,EDGE,2025-11-23,,,Oklahoma,SEC,1
359,359,Ben Murawski,UConn,IOL,2025-11-23,,,Connecticut,FBS - AAC,1
360,360,Elijah Pritchett,Nebraska,OT,2025-11-23,,,Nebraska,Big Ten,1
361,361,Ben Taylor-Whitfield,TCU,OT,2025-11-23,,,Texas,Big 12,1
362,362,Miles Kitselman,Tennessee,TE,2025-11-23,,,Tennessee,SEC,1
363,363,Dorion Strawn,Texas State,OT,2025-11-23,,,Texas,FBS - Sun Belt,1
364,364,Rayshaun Benny,Michigan,DL,2025-11-23,,,Michigan,Big Ten,1
365,365,Shamar Easter,North Carolina,TE,2025-11-23,,,North Carolina,ACC,1
366,366,Wade Woodaz,Clemson,LB,2025-11-23,,,South Carolina,ACC,1
367,367,Jackson Arnold,Auburn,QB,2025-11-23,,,Alabama,SEC,1
368,368,Davin Stoffel,Illinois,TE,2025-11-23,,,Illinois,Big Ten,1
369,369,Theo Melin Ohrstrom,Texas A&M,TE,2025-11-23,,,Texas,SEC,1
370,370,Jahiem White,West Virginia,RB,2025-11-23,,,West Virginia,Big 12,1
371,371,Isaiah Brown-Murray,Virginia Tech,CB,2025-11-23,,,Virginia,ACC,1
372,372,Roman Hemby,Indiana,RB,2025-11-23,,,Indiana,Big Ten,1
373,373,Trevyon Green,North Carolina,OT,2025-11-23,,,North Carolina,ACC,1
374,374,Bryson Washington,Baylor,RB,2025-11-23,,,Texas,Big 12,1
375,375,Bryce Foster,Kansas,IOL,2025-11-23,,,Kansas,Big 12,1
376,376,Ty Morris,Rice,LB,2025-11-23,,,Texas,FBS - AAC,1
377,377,Trey White,San Diego State,EDGE,2025-11-23,,,California,FBS - Mountain West,1
378,378,Cole Payton,North Dakota State,QB,2025-11-23,,,North Dakota,FCS,1
379,379,Riley Williams,Oregon State,TE,2025-11-23,,,Oregon,Pac 12,1
380,380,Teitum Tuioti,Oregon,EDGE,2025-11-23,,,Oregon,Big Ten,1
381,381,Antonio Kite,Ole Miss,CB,2025-11-23,,,Mississippi,SEC,1
382,382,Rocco Becht,Iowa State,QB,2025-11-23,,,Iowa,Big 12,1
383,383,Lewis Bond,Boston College,WR,2025-11-23,,,Massachusetts,ACC,1
384,384,Benjamin Brahmer,Iowa State,TE,2025-11-23,,,Iowa,Big 12,1
385,385,Markis Deal,TCU,DL,2025-11-23,,,Texas,Big 12,1
386,386,Max Bredeson,Michigan,RB,2025-11-23,,,Michigan,Big Ten,1
387,387,Will Shaffer,Abilene Christian,LB,2025-11-23,,,Texas,FCS,1
388,388,Braylan Shelby,USC,EDGE,2025-11-23,,,California,Big Ten,1
389,389,Toby Payne,Marshall,TE,2025-11-23,,,West Virginia,FBS - CUSA,1
390,390,Dean Miller,Kansas,EDGE,2025-11-23,,,Kansas,Big 12,1
391,391,Roderick Kearney,Florida,OT,2025-11-23,,,Florida,SEC,1
392,392,Luke Hasz,Ole Miss,TE,2025-11-23,,,Mississippi,SEC,1
393,393,Dylan Edwards,Kansas State,RB,2025-11-23,,,Kansas,Big 12,1
394,394,Adepoju Adebawore,Oklahoma,EDGE,2025-11-23,,,Oklahoma,SEC,1
395,395,Billy Schrauth,Notre Dame,IOL,2025-11-23,,,Indiana,FBS - Independent,1
396,396,Deven Eastern,Minnesota,DL,2025-11-23,,,Minnesota,Big Ten,1
397,397,D.J. Hicks,Texas A&M,DL,2025-11-23,,,Texas,SEC,1
398,398,Connor Tollison,Missouri,IOL,2025-11-23,,,Missouri,SEC,1
399,399,Max Tomzcak,Youngstown State,WR,2025-11-23,,,Ohio,FCS,1
400,400,Raion Strader,Auburn,CB,2025-11-23,,,Alabama,SEC,1
401,401,Da'Shawn Womack,Ole Miss,EDGE,2025-11-23,,,Mississippi,SEC,1
402,402,Austin Mack,Alabama,QB,2025-11-23,,,Alabama,SEC,1
403,403,Omar Aigbedion,Baylor,IOL,2025-11-23,,,Texas,Big 12,1
404,404,Wendell Moe Jr.,Tennessee,IOL,2025-11-23,,,Tennessee,SEC,1
405,405,Derek Simmons,Oklahoma,OT,2025-11-23,,,Oklahoma,SEC,1
406,406,Elliot Washington II,Penn State,CB,2025-11-23,,,Pennsylvania,Big Ten,1
407,407,Skyler Gill-Howard,Texas Tech,DL,2025-11-23,,,Texas,Big 12,1
408,408,Kelby Collins,Alabama,DL,2025-11-23,,,Alabama,SEC,1
409,409,Isaiah Jatta,BYU,OT,2025-11-23,,,Utah,Big 12,1
410,410,Daniel Harris,Georgia,CB,2025-11-23,,,Georgia,SEC,1
411,411,Kedrick Reescano,Arizona,RB,2025-11-23,,,Arizona,Big 12,1
412,412,Peyton Bowen,Oklahoma,S,2025-11-23,,,Oklahoma,SEC,1
413,413,Josh Moten,Southern Miss,CB,2025-11-23,,,Mississippi,FBS - CUSA,1
414,414,Jaiden Ausberry,Notre Dame,LB,2025-11-23,,,Indiana,FBS - Independent,1
415,415,Cameron Seldon,Virginia Tech,WR,2025-11-23,,,Virginia,ACC,1
416,416,Mark Fletcher,Miami (FL),RB,2025-11-23,,,Florida,ACC,1
417,417,Ka'morreun Pimpton,TCU,TE,2025-11-23,,,Texas,Big 12,1
418,418,Cooper Flanagan,Notre Dame,TE,2025-11-23,,,Indiana,FBS - Independent,1
419,419,Ty Lockwood,Boston College,TE,2025-11-23,,,Massachusetts,ACC,1
420,420,Jaden Rashada,Sacramento State,QB,2025-11-23,,,California,FCS,1
421,421,Anthony Donkoh,Penn State,OT,2025-11-23,,,Pennsylvania,Big Ten,1
422,422,Riley Mahlman,Wisconsin,OT,2025-11-23,,,Wisconsin,Big Ten,1
423,423,Ashton Stamps,LSU,CB,2025-11-23,,,Louisiana,SEC,1
424,424,Adon Shuler,Notre Dame,S,2025-11-23,,,Indiana,FBS - Independent,1
425,425,Richard Young,Alabama,RB,2025-11-23,,,Alabama,SEC,1
426,426,Caleb Herring,Tennessee,EDGE,2025-11-23,,,Tennessee,SEC,1
427,427,Troy Bowles,Michigan,LB,2025-11-23,,,Michigan,Big Ten,1
428,428,Ethan Davis,Tennessee,TE,2025-11-23,,,Tennessee,SEC,1
429,429,Jordan Renaud,Alabama,EDGE,2025-11-23,,,Alabama,SEC,1
430,430,Desmond Reid,Pitt,RB,2025-11-23,,,Pennsylvania,ACC,1
431,431,Joshua Padilla,Ohio State,IOL,2025-11-23,,,Ohio,Big Ten,1
432,432,Andrew Rappleyea,Penn State,TE,2025-11-23,,,Pennsylvania,Big Ten,1
433,433,Jayden Wayne,California,EDGE,2025-11-23,,,California,ACC,1
434,434,Djay Braswell,Georgia State,RB,2025-11-23,,,Georgia,FBS - Sun Belt,1
435,435,Jalil Farooq,Maryland,WR,2025-11-23,,,Maryland,Big Ten,1
436,436,Keon Keeley,Alabama,EDGE,2025-11-23,,,Alabama,SEC,1
437,437,Lewis Carter,UCF,LB,2025-11-23,,,Florida,Big 12,1
438,438,Malachi Nelson,UTEP,QB,2025-11-23,,,Texas,FBS - CUSA,1
439,439,Mark Gronowski,Iowa,QB,2025-11-23,,,Iowa,Big Ten,1
440,440,Carver Willis,Washington,OT,2025-11-23,,,Washington,Big Ten,1
441,441,Jordan Castell,Florida,S,2025-11-23,,,Florida,SEC,1
442,442,Barion Brown,LSU,WR,2025-11-23,,,Louisiana,SEC,1
443,443,Cam Miller,Rutgers,CB,2025-11-23,,,New Jersey,Big Ten,1
444,444,Jayce Brown,Kansas State,WR,2025-11-23,,,Kansas,Big 12,1
445,445,Rueben Owens,Texas A&M,RB,2025-11-23,,,Texas,SEC,1
446,446,Quinten Joyner,Texas Tech,RB,2025-11-23,,,Texas,Big 12,1
447,447,Alex Birchmeier,Penn State,IOL,2025-11-23,,,Pennsylvania,Big Ten,1
448,448,Cormani McClain,Florida,CB,2025-11-23,,,Florida,SEC,1
449,449,Princewill Umanmielen,Ole Miss,EDGE,2025-11-23,,,Mississippi,SEC,1
450,450,Derion Gullette,Mississippi State,EDGE,2025-11-23,,,Mississippi,SEC,1
451,451,Grayson Howard,Florida,LB,2025-11-23,,,Florida,SEC,1
452,452,Geimere Latimer,Wisconsin,CB,2025-11-23,,,Wisconsin,Big Ten,1
453,453,Jaylon Braxton,Ole Miss,CB,2025-11-23,,,Mississippi,SEC,1
454,454,Tomas Rimac,Virginia Tech,IOL,2025-11-23,,,Virginia,ACC,1
455,455,Jordan Hall,Georgia,DL,2025-11-23,,,Georgia,SEC,1
456,456,Malik Hartford,Ohio State,S,2025-11-23,,,Ohio,Big Ten,1
457,457,Deshaun Lee,Iowa,CB,2025-11-23,,,Iowa,Big Ten,1
458,458,Isaiah Horton,Alabama,WR,2025-11-23,,,Alabama,SEC,1
459,459,Tausili Akana,BYU,LB,2025-11-23,,,Utah,Big 12,1
460,460,Brandon Inniss,Ohio State,WR,2025-11-23,,,Ohio,Big Ten,1
461,461,Vic Burley,Clemson,DL,2025-11-23,,,South Carolina,ACC,1
462,462,Ta'Mere Robinson,USC,LB,2025-11-23,,,California,Big Ten,1
463,463,Smith Snowden,Utah,CB,2025-11-23,,,Utah,Big 12,1
464,464,Jordan Bass,Virginia Tech,LB,2025-11-23,,,Virginia,ACC,1
465,465,Stephiylan Green,Clemson,DL,2025-11-23,,,South Carolina,ACC,1
466,466,Jalen Hale,Alabama,WR,2025-11-23,,,Alabama,SEC,1
467,467,Ayden Williams,Mississippi State,WR,2025-11-23,,,Mississippi,SEC,1
468,468,Caden Jenkins,Baylor,CB,2025-11-23,,,Texas,Big 12,1
469,469,Hunter Clegg,BYU,EDGE,2025-11-23,,,Utah,Big 12,1
470,470,Jahlil Hurley,Kansas,CB,2025-11-23,,,Kansas,Big 12,1
471,471,Jayden Virgin-Morgan,Boise State,EDGE,2025-11-23,,,Idaho,FBS - Mountain West,1
472,472,Ryan Niblett,Texas,S,2025-11-23,,,Texas,SEC,1
473,473,DaKaari Nelson,Penn State,S,2025-11-23,,,Pennsylvania,Big Ten,1
474,474,Bruno Onwuazor,Virginia State,OT,2025-11-23,,,Virginia,D2,1
475,475,Dillon Bell,Georgia,WR,2025-11-23,,,Georgia,SEC,1
476,476,Tree Babalade,South Carolina,OT,2025-11-23,,,South Carolina,SEC,1
477,477,Hykeem Williams,Colorado,WR,2025-11-23,,,Colorado,Big 12,1
478,478,Colton Vasek,Texas,EDGE,2025-11-23,,,Texas,SEC,1
479,479,Alexander Doost,Arizona,IOL,2025-11-23,,,Arizona,Big 12,1
480,480,DeAndre Moore Jr.,Texas,WR,2025-11-23,,,Texas,SEC,1
481,481,Micah Pettus,Florida State,OT,2025-11-23,,,Florida,ACC,1
482,482,Collin Sadler,Clemson,OT,2025-11-23,,,South Carolina,ACC,1
483,483,Collins Acheampong,Bowling Green,EDGE,2025-11-23,,,Ohio,FBS - MAC,1
484,484,Daylen Austin,Oregon,CB,2025-11-23,,,Oregon,Big Ten,1
485,485,Raymond Cottrell,West Alabama,WR,2025-11-23,,,Alabama,D2,1
486,486,Hunter Osborne,Virginia,DL,2025-11-23,,,Virginia,ACC,1
487,487,Johntay Cook II,Syracuse,WR,2025-11-23,,,New York,ACC,1
488,488,Ryder Langsdale,Rutgers,OT,2025-11-23,,,New Jersey,Big Ten,1
489,489,Beau Pribula,Missouri,QB,2025-11-23,,,Missouri,SEC,1
490,490,J'ven Williams,Penn State,OT,2025-11-23,,,Pennsylvania,Big Ten,1
491,491,Malachi Coleman,Minnesota,WR,2025-11-23,,,Minnesota,Big Ten,1
492,492,Kaleb Jackson,LSU,RB,2025-11-23,,,Louisiana,SEC,1
493,493,Tyree Adams,LSU,OT,2025-11-23,,,Louisiana,SEC,1
494,494,Joshua Mickens,Ohio State,EDGE,2025-11-23,,,Ohio,Big Ten,1
495,495,Markee Anderson,South Carolina,IOL,2025-11-23,,,South Carolina,SEC,1
496,496,King Mack,Penn State,S,2025-11-23,,,Pennsylvania,Big Ten,1
497,497,Braylon James,TCU,WR,2025-11-23,,,Texas,Big 12,1
498,498,Chimdy Onoh,Penn State,OT,2025-11-23,,,Pennsylvania,Big Ten,1
499,499,Madden Sanker,Louisville,OT,2025-11-23,,,Kentucky,ACC,1
500,500,Damonic Williams,Oklahoma,DL,2025-11-23,,,Oklahoma,SEC,1
501,501,Jalen Brown,Arkansas,WR,2025-11-23,,,Arkansas,SEC,1
502,502,Jaxon Howard,Minnesota,EDGE,2025-11-23,,,Minnesota,Big Ten,1
503,503,Malik Bryant,Miami (FL),EDGE,2025-11-23,,,Florida,ACC,1
504,504,Monroe Mills,Virginia,OT,2025-11-23,,,Virginia,ACC,1
505,505,Damari Brown,Miami (FL),CB,2025-11-23,,,Florida,ACC,1
506,506,Elijah Paige,USC,OT,2025-11-23,,,California,Big Ten,1
507,507,Randon Fontenette,Vanderbilt,LB,2025-11-23,,,Tennessee,SEC,1
508,508,Shelton Sampson Jr.,Louisiana-Lafayette,WR,2025-11-23,,,Louisiana,FBS - Sun Belt,1
509,509,Noah Rogers,NC State,WR,2025-11-23,,,North Carolina,ACC,1
510,510,Jacobe Johnson,Oklahoma,CB,2025-11-23,,,Oklahoma,SEC,1
511,511,Brenan Vernon,Notre Dame,DL,2025-11-23,,,Indiana,FBS - Independent,1
512,512,Gabe Harris,Georgia,EDGE,2025-11-23,,,Georgia,SEC,1
513,513,Samson Okunlola,Miami (FL),OT,2025-11-23,,,Florida,ACC,1
514,514,Jamaal Jarrett,USC,DL,2025-11-23,,,California,Big Ten,1
515,515,Rico Flores,UCLA,WR,2025-11-23,,,California,Big Ten,1
516,516,David Oke,Arkansas,DL,2025-11-23,,,Arkansas,SEC,1
517,517,Xzavier McLeod,Georgia,DL,2025-11-23,,,Georgia,SEC,1
518,518,Anthony Evans III,Mississippi State,WR,2025-11-23,,,Mississippi,SEC,1
519,519,Wilkin Formby,Alabama,OT,2025-11-23,,,Alabama,SEC,1
520,520,Luke Montgomery,Ohio State,IOL,2025-11-23,,,Ohio,Big Ten,1
521,521,Cole Martin,UCLA,CB,2025-11-23,,,California,Big Ten,1
522,522,Harris Sewell,Clemson,IOL,2025-11-23,,,South Carolina,ACC,1
523,523,Robert Stafford,UCLA,CB,2025-11-23,,,California,Big Ten,1
524,524,Rodrick Pleasant,UCLA,CB,2025-11-23,,,California,Big Ten,1
525,525,Declan Duley,Central Michigan,P,2025-11-23,,,Michigan,FBS - MAC,1
526,526,Olaus Alinen,Alabama,OT,2025-11-23,,,Alabama,SEC,1
527,527,John Walker,UCF,DL,2025-11-23,,,Florida,Big 12,1
528,528,Qua Russaw,Alabama,EDGE,2025-11-23,,,Alabama,SEC,1
529,529,Davaughn Patterson,Wake Forest,S,2025-11-23,,,North Carolina,ACC,1
530,530,Dijon Johnson,Florida,CB,2025-11-23,,,Florida,SEC,1
531,531,Makari Vickers,Colorado,CB,2025-11-23,,,Colorado,Big 12,1
532,532,Daevin Hobbs,Tennessee,DL,2025-11-23,,,Tennessee,SEC,1
533,533,Ja'Keem Jackson,LSU,CB,2025-11-23,,,Louisiana,SEC,1
534,534,Jager Burton,Kentucky,IOL,2025-11-23,,,Kentucky,SEC,1
535,535,Antonio Gates Jr.,Delaware State,WR,2025-11-23,,,Delaware,FCS,1
536,536,Bai Jobe,Miami (OH),EDGE,2025-11-23,,,Ohio,FBS - MAC,1
537,537,Mason Murphy,Auburn,OT,2025-11-23,,,Alabama,SEC,1
538,538,Jaleel Skinner,Louisville,TE,2025-11-23,,,Kentucky,ACC,1
539,539,Samuel Okunlola,Colorado,EDGE,2025-11-23,,,Colorado,Big 12,1
540,540,Reid Carrico,West Virginia,LB,2025-11-23,,,West Virginia,Big 12,1
541,541,Elliot Donald,Pitt,DL,2025-11-23,,,Pennsylvania,ACC,1
542,542,Stanton Ramil,Michigan State,OT,2025-11-23,,,Michigan,Big Ten,1
543,543,Rene Konga,Louisville,DL,2025-11-23,,,Kentucky,ACC,1
544,544,Kadin Lynch,William & Mary,IOL,2025-11-23,,,Virginia,FCS,1
545,545,Quency Wiggins,Colorado,EDGE,2025-11-23,,,Colorado,Big 12,1
546,546,Jake Garcia,Michigan,QB,2025-11-23,,,Michigan,Big Ten,1
547,547,Nate Rutchena,UC Davis,TE,2025-11-23,,,California,FCS,1
548,548,Andrew Depaepe,Indiana,DL,2025-11-23,,,Indiana,Big Ten,1
549,549,T.J. Shanahan,Penn State,IOL,2025-11-23,,,Pennsylvania,Big Ten,1
550,550,George Pettaway,James Madison,RB,2025-11-23,,,Virginia,FBS - Sun Belt,1
551,551,Latrell McCutchin,Houston,CB,2025-11-23,,,Texas,Big 12,1
552,552,Nathan Leacock,North Carolina,WR,2025-11-23,,,North Carolina,ACC,1
553,553,Julian Humphrey,Texas A&M,CB,2025-11-23,,,Texas,SEC,1
554,554,Javien Toviano,LSU,S,2025-11-23,,,Louisiana,SEC,1
555,555,Jaylen Sneed,Notre Dame,LB,2025-11-23,,,Indiana,FBS - Independent,1
556,556,Dezz Ricks,Texas A&M,CB,2025-11-23,,,Texas,SEC,1
557,557,Dante Dowdell,Kentucky,RB,2025-11-23,,,Kentucky,SEC,1
558,558,Evan Tengesdahl,Cincinnati,IOL,2025-11-23,,,Ohio,Big 12,1
559,559,Kam Olds,Kentucky,EDGE,2025-11-23,,,Kentucky,SEC,1
560,560,Xavier Hill,Colorado,IOL,2025-11-23,,,Colorado,Big 12,1
561,561,Eric McAlister,TCU,WR,2025-11-23,,,Texas,Big 12,1
562,562,Jameial Lyons,Penn State,EDGE,2025-11-23,,,Pennsylvania,Big Ten,1
563,563,Tackett Curtis,Wisconsin,LB,2025-11-23,,,Wisconsin,Big Ten,1
564,564,Tyler White,Texas A&M,P,2025-11-23,,,Texas,SEC,1
565,565,Enow Etta,Michigan,DL,2025-11-23,,,Michigan,Big Ten,1
566,566,Jason Moore,Ohio State,DL,2025-11-23,,,Ohio,Big Ten,1
567,567,D.J. Chester,LSU,IOL,2025-11-23,,,Louisiana,SEC,1
568,568,Jaybron Harvey,North Carolina,EDGE,2025-11-23,,,North Carolina,ACC,1
569,569,Kylin Jackson,TCU,S,2025-11-23,,,Texas,Big 12,1
570,570,Edric Hill,Alabama,DL,2025-11-23,,,Alabama,SEC,1
571,571,Jaydon Chatman,Texas,OT,2025-11-23,,,Texas,SEC,1
572,572,Bo Hughley,Georgia,OT,2025-11-23,,,Georgia,SEC,1
573,573,Kam Robinson,Virginia,LB,2025-11-23,,,Virginia,ACC,1
574,574,Desmond Umeozulu,South Carolina,EDGE,2025-11-23,,,South Carolina,SEC,1
575,575,Jaquaize Pettaway,East Carolina,WR,2025-11-23,,,North Carolina,FBS - AAC,1
576,576,Derek Williams Jr.,Texas,S,2025-11-23,,,Texas,SEC,1
577,577,Jontez Williams,Iowa State,CB,2025-11-23,,,Iowa,Big 12,1
578,578,Kamran James,Florida,EDGE,2025-11-23,,,Florida,SEC,1
579,579,Bravion Rogers,Texas A&M,CB,2025-11-23,,,Texas,SEC,1
580,580,Roderick Robinson II,Georgia,RB,2025-11-23,,,Georgia,SEC,1
581,581,Arion Carter,Tennessee,LB,2025-11-23,,,Tennessee,SEC,1
582,582,Jayvon Thomas,Texas A&M,CB,2025-11-23,,,Texas,SEC,1
583,583,Shamurad Umarov,Tennessee,OT,2025-11-23,,,Tennessee,SEC,1
584,584,Ian Reed,Clemson,IOL,2025-11-23,,,South Carolina,ACC,1
585,585,Cordale Russell,Miami (OH),WR,2025-11-23,,,Ohio,FBS - MAC,1
586,586,Calvin Simpson-Hunt,Baylor,CB,2025-11-23,,,Texas,Big 12,1
587,587,Samuel M'Pemba,Texas A&M,EDGE,2025-11-23,,,Texas,SEC,1
588,588,Tony Rojas,Penn State,LB,2025-11-23,,,Pennsylvania,Big Ten,1
589,589,Austin Novosad,Oregon,QB,2025-11-23,,,Oregon,Big Ten,1
590,590,Treyaun Webb,Florida,RB,2025-11-23,,,Florida,SEC,1
591,591,Lucas Simmons,Florida State,OT,2025-11-23,,,Florida,ACC,1
592,592,Hudson Kaak,Auburn,P,2025-11-23,,,Alabama,SEC,1
593,593,Jarra Anderson,Arizona,DL,2025-11-23,,,Arizona,Big 12,1
594,594,Phillip Daniels,Ohio State,OT,2025-11-23,,,Ohio,Big Ten,1
595,595,Palmer Williams,Baylor,P,2025-11-23,,,Texas,Big 12,1
596,596,Aidan Flintoft,Stanford,P,2025-11-23,,,California,ACC,1
597,597,Jake Eldridge,Rutgers,LS,2025-11-23,,,New Jersey,Big Ten,1
598,598,Conor Talty,Alabama,K,2025-11-23,,,Alabama,SEC,1
599,599,Chris Johnson Jr.,SMU,RB,2025-11-23,,,Texas,ACC,1
600,600,Mikey Matthews,UCLA,WR,2025-11-23,,,California,Big Ten,1
601,601,Brock Taylor,Vanderbilt,K,2025-11-23,,,Tennessee,SEC,1
602,602,London Humphreys,Georgia,WR,2025-11-23,,,Georgia,SEC,1
603,603,Peyton Woodring,Georgia,K,2025-11-23,,,Georgia,SEC,1
604,604,Tyler Brown,Clemson,WR,2025-11-23,,,South Carolina,ACC,1
605,605,Ja'Bril Rawls,Florida State,S,2025-11-23,,,Florida,ACC,1
606,606,Grayson Loftis,Charlotte,QB,2025-11-23,,,North Carolina,FBS - AAC,1
607,607,Sedrick Alexander,Vanderbilt,RB,2025-11-23,,,Tennessee,SEC,1
608,608,Carl Williams IV,Baylor,S,2025-11-23,,,Texas,Big 12,1
609,609,Kaden Feagin,Illinois,RB,2025-11-23,,,Illinois,Big Ten,1
610,610,Alex Kilgore,SMU,LB,2025-11-23,,,Texas,ACC,1
611,611,Joey Schlaffer,Penn State,TE,2025-11-23,,,Pennsylvania,Big Ten,1
612,612,Amare Thomas,Houston,WR,2025-11-23,,,Texas,Big 12,1
613,613,Hank Brown,Iowa,QB,2025-11-23,,,Iowa,Big Ten,1
614,614,Evan Link,Michigan,OT,2025-11-23,,,Michigan,Big Ten,1
615,615,A'Marion McCoy,Boise State,CB,2025-11-23,,,Idaho,FBS - Mountain West,1
616,616,Dion Crawford,Buffalo,LB,2025-11-23,,,New York,FBS - MAC,1
617,617,James Durand,Western Illinois,IOL,2025-11-23,,,Illinois,FCS,1
618,618,Marcus Ratcliffe,Texas A&M,S,2025-11-23,,,Texas,SEC,1
619,619,Wes King,Wyoming,IOL,2025-11-23,,,Wyoming,FBS - Mountain West,1
620,620,Trey Dubuc,New Mexico,LS,2025-11-23,,,New Mexico,FBS - Mountain West,1
621,621,Emmanuel Poku,East Carolina,IOL,2025-11-23,,,North Carolina,FBS - AAC,1
622,622,Jaylen Raynor,Arkansas State,QB,2025-11-23,,,Arkansas,FBS - Sun Belt,1
623,623,Ryder Burns,Southern Miss,LS,2025-11-23,,,Mississippi,FBS - CUSA,1
624,624,Chandavian Bradley,Oklahoma State,EDGE,2025-11-23,,,Oklahoma,Big 12,1
625,625,Tony Mitchell,Mississippi State,S,2025-11-23,,,Mississippi,SEC,1
626,626,Denver Harris,UNLV,CB,2025-11-23,,,Nevada,FBS - Mountain West,1
627,627,Gabriel Brownlow-Dindy,South Carolina,DL,2025-11-23,,,South Carolina,SEC,1
628,628,Brandon Henderson,Illinois,IOL,2025-11-23,,,Illinois,Big Ten,1
629,629,Zach Rice,Syracuse,IOL,2025-11-23,,,New York,ACC,1
630,630,Jeremiah Alexander,Clemson,EDGE,2025-11-23,,,South Carolina,ACC,1
631,631,Chris Marshall,Boise State,WR,2025-11-23,,,Idaho,FBS - Mountain West,1
632,632,Conner Weigman,Houston,QB,2025-11-23,,,Texas,Big 12,1
633,633,Jaheim Singletary,Arkansas,CB,2025-11-23,,,Arkansas,SEC,1
634,634,C.J. Hicks,Ohio State,EDGE,2025-11-23,,,Ohio,Big Ten,1
635,635,Barika Kpeenu,North Dakota State,RB,2025-11-23,,,North Dakota,FCS,1
636,636,Travis Shaw,Texas,DL,2025-11-23,,,Texas,SEC,1
637,637,TreVonte Citizen,McNeese State,RB,2025-11-23,,,Louisiana,FCS,1
638,638,Tegra Tshabola,Ohio State,IOL,2025-11-23,,,Ohio,Big Ten,1
639,639,Nick Evers,UConn,QB,2025-11-23,,,Connecticut,FBS - AAC,1
640,640,Julian Armella,UCLA,IOL,2025-11-23,,,California,Big Ten,1
641,641,Donovan Green,LSU,TE,2025-11-23,,,Louisiana,SEC,1
642,642,Jacob Sexton,Oklahoma,OT,2025-11-23,,,Oklahoma,SEC,1
643,643,Andre Greene Jr.,Virginia,WR,2025-11-23,,,Virginia,ACC,1
644,644,Jacoby Mathews,Auburn,S,2025-11-23,,,Alabama,SEC,1
645,645,Griffin Wilde,Northwestern,WR,2025-11-23,,,Illinois,Big Ten,1
646,646,Gentry Williams,Oklahoma,CB,2025-11-23,,,Oklahoma,SEC,1
647,647,Jyaire Brown,UCF,CB,2025-11-23,,,Florida,Big 12,1
648,648,Holden Staes,Indiana,TE,2025-11-23,,,Indiana,Big Ten,1
649,649,Jimarion McCrimon,East Carolina,OT,2025-11-23,,,North Carolina,FBS - AAC,1
650,650,Kaden Helms,Oklahoma,TE,2025-11-23,,,Oklahoma,SEC,1
651,651,Neto Umeozulu,Texas,IOL,2025-11-23,,,Texas,SEC,1
652,652,Dalton Brooks,Texas A&M,S,2025-11-23,,,Texas,SEC,1
653,653,Branson Robinson,Georgia State,RB,2025-11-23,,,Georgia,FBS - Sun Belt,1
654,654,Talyn Shettron,Oklahoma State,WR,2025-11-23,,,Oklahoma,Big 12,1
655,655,Jaylon Glover,UNLV,RB,2025-11-23,,,Nevada,FBS - Mountain West,1
656,656,Trebor Pena,Penn State,WR,2025-11-23,,,Pennsylvania,Big Ten,1
657,657,Jamari Lyons,Florida,DL,2025-11-23,,,Florida,SEC,1
658,658,J.Q. Hardaway,Kentucky,CB,2025-11-23,,,Kentucky,SEC,1
659,659,Khurtiss Perry,Jacksonville State,DL,2025-11-23,,,Alabama,FBS - CUSA,1
660,660,Patrick Kutas,Ole Miss,IOL,2025-11-23,,,Mississippi,SEC,1
661,661,A.J. Swann,Appalachian State,QB,2025-11-23,,,North Carolina,FBS - Sun Belt,1
662,662,Kaden Saunders,Penn State,WR,2025-11-23,,,Pennsylvania,Big Ten,1
663,663,Maalik Murphy,Oregon State,QB,2025-11-23,,,Oregon,Pac 12,1
664,664,Kendrick Law,Kentucky,WR,2025-11-23,,,Kentucky,SEC,1
665,665,Devin Brown,California,QB,2025-11-23,,,California,ACC,1
666,666,Aidan Gousby,Minnesota,S,2025-11-23,,,Minnesota,Big Ten,1
667,667,Charles Demmings,Stephen F. Austin,CB,2025-11-23,,,Texas,FCS,1
668,668,Walker Howard,Louisiana-Lafayette,QB,2025-11-23,,,Louisiana,FBS - Sun Belt,1
669,669,Justice Finkley,Kansas,EDGE,2025-11-23,,,Kansas,Big 12,1
670,670,Jack Pedersen,UCLA,TE,2025-11-23,,,California,Big Ten,1
671,671,Toriano Pride,Missouri,CB,2025-11-23,,,Missouri,SEC,1
672,672,Tobias Merriweather,Utah,WR,2025-11-23,,,Utah,Big 12,1
673,673,Jordan Hudson,SMU,WR,2025-11-23,,,Texas,ACC,1
674,674,Kamari Wilson,Memphis,S,2025-11-23,,,Tennessee,FBS - AAC,1
675,675,Roy Williams,Northern Illinois,EDGE,2025-11-23,,,Illinois,FBS - MAC,1
676,676,Emar'rion Winston,Baylor,EDGE,2025-11-23,,,Texas,Big 12,1
677,677,Dayne Shor,Akron,OT,2025-11-23,,,Ohio,FBS - MAC,1
678,678,Raleek Brown,Arizona State,RB,2025-11-23,,,Arizona,Big 12,1
679,679,Malick Sylla,Mississippi State,EDGE,2025-11-23,,,Mississippi,SEC,1
680,680,Jayden Gibson,Oklahoma,WR,2025-11-23,,,Oklahoma,SEC,1
681,681,Joe Brunner,Wisconsin,IOL,2025-11-23,,,Wisconsin,Big Ten,1
682,682,Kyion Grayes,California,WR,2025-11-23,,,California,ACC,1
683,683,Shawn Murphy,South Carolina,LB,2025-11-23,,,South Carolina,SEC,1
684,684,Earl Little II,Florida State,CB,2025-11-23,,,Florida,ACC,1
685,685,Amari Niblack,Texas A&M,TE,2025-11-23,,,Texas,SEC,1
686,686,Kaleb Brown,UAB,WR,2025-11-23,,,Alabama,FBS - AAC,1
687,687,Popeye Williams,Western Michigan,EDGE,2025-11-23,,,Michigan,FBS - MAC,1
688,688,Dallan Hayden,Colorado,RB,2025-11-23,,,Colorado,Big 12,1
689,689,Nyjalik Kelly,UCF,EDGE,2025-11-23,,,Florida,Big 12,1
690,690,Sam Roush,Stanford,TE,2025-11-23,,,California,ACC,1
691,691,Jaylon Guilbeau,Texas,CB,2025-11-23,,,Texas,SEC,1
692,692,Gunner Stockton,Georgia,QB,2025-11-23,,,Georgia,SEC,1
693,693,Christian Alliegro,Wisconsin,LB,2025-11-23,,,Wisconsin,Big Ten,1
694,694,M.J. Morris,Coastal Carolina,QB,2025-11-23,,,South Carolina,FCS,1
695,695,Bryce Anderson,Texas A&M,S,2025-11-23,,,Texas,SEC,1
696,696,Wesley Bissainthe,Miami (FL),LB,2025-11-23,,,Florida,ACC,1
697,697,Braylin Presley,Tulsa,WR,2025-11-23,,,Oklahoma,FBS - AAC,1
698,698,Cole Hutson,Texas,IOL,2025-11-23,,,Texas,SEC,1
699,699,Gavin Sawchuk,Florida State,RB,2025-11-23,,,Florida,ACC,1
700,700,Kobe Prentice,Baylor,WR,2025-11-23,,,Texas,Big 12,1
701,701,Keaten Wade,Colorado,EDGE,2025-11-23,,,Colorado,Big 12,1
702,702,Adam Randall,Clemson,RB,2025-11-23,,,South Carolina,ACC,1
703,703,Zion Branch,Georgia,S,2025-11-23,,,Georgia,SEC,1
704,704,Devon Jackson,Oregon,LB,2025-11-23,,,Oregon,Big Ten,1
705,705,Darris Smith,Missouri,EDGE,2025-11-23,,,Missouri,SEC,1
706,706,Omari Abor,SMU,EDGE,2025-11-23,,,Texas,ACC,1
707,707,Enai White,Penn State,EDGE,2025-11-23,,,Pennsylvania,Big Ten,1
708,708,Carson Hinzman,Ohio State,IOL,2025-11-23,,,Ohio,Big Ten,1
709,709,Jacolby Spells,West Virginia,CB,2025-11-23,,,West Virginia,Big 12,1
710,710,Jake Johnson,North Carolina,TE,2025-11-23,,,North Carolina,ACC,1
711,711,Zavion Thomas,LSU,WR,2025-11-23,,,Louisiana,SEC,1
712,712,Kam Dewberry,Alabama,IOL,2025-11-23,,,Alabama,SEC,1
713,713,C.J. Williams,Stanford,WR,2025-11-23,,,California,ACC,1
714,714,Jordan Dwyer,TCU,WR,2025-11-23,,,Texas,Big 12,1
715,715,Savion Red,Sacramento State,RB,2025-11-23,,,California,FCS,1
716,716,Squirrel White,Florida State,WR,2025-11-23,,,Florida,ACC,1
717,717,Jalen Huskey,Maryland,CB,2025-11-23,,,Maryland,Big Ten,1
718,718,Jayden McGowan,Charlotte,WR,2025-11-23,,,North Carolina,FBS - AAC,1
719,719,Dean Connors,Houston,RB,2025-11-23,,,Texas,Big 12,1
720,720,Kolt Dieterich,Sam Houston State,OT,2025-11-23,,,Texas,FBS - CUSA,1
721,721,Van Wells,Oregon State,IOL,2025-11-23,,,Oregon,Pac 12,1
722,722,Pichon Wimbley,Georgia Southern,IOL,2025-11-23,,,Georgia,FBS - Sun Belt,1
723,723,Kyron Barnes,Nicholls State,OT,2025-11-23,,,Louisiana,FCS,1
724,724,Owen McCown,UTSA,QB,2025-11-23,,,Texas,FBS - AAC,1
725,725,Josh Kattus,Kentucky,TE,2025-11-23,,,Kentucky,SEC,1
726,726,Keenan Nelson Jr.,Ohio State,S,2025-11-23,,,Ohio,Big Ten,1
727,727,Jameson Geers,Minnesota,TE,2025-11-23,,,Minnesota,Big Ten,1
728,728,D.Q. Smith,South Carolina,S,2025-11-23,,,South Carolina,SEC,1
729,729,Amari Jackson,Boston College,CB,2025-11-23,,,Massachusetts,ACC,1
730,730,Carsen Ryan,BYU,TE,2025-11-23,,,Utah,Big 12,1
731,731,Eddie Kelly,West Virginia,DL,2025-11-23,,,West Virginia,Big 12,1
732,732,Jaron Glover,Mississippi State,WR,2025-11-23,,,Mississippi,SEC,1
733,733,Asani Redwood,West Virginia,DL,2025-11-23,,,West Virginia,Big 12,1
734,734,Lance Mason,Wisconsin,TE,2025-11-23,,,Wisconsin,Big Ten,1
735,735,Donovan Saunders,Utah,CB,2025-11-23,,,Utah,Big 12,1
736,736,C.J. Donaldson,Ohio State,RB,2025-11-23,,,Ohio,Big Ten,1
737,737,Marcus Allen,North Carolina,CB,2025-11-23,,,North Carolina,ACC,1
738,738,Jaylin Lucas,Florida State,RB,2025-11-23,,,Florida,ACC,1
739,739,Byrum Brown,South Florida,QB,2025-11-23,,,Florida,FBS - AAC,1
740,740,Andrew Paul,Jacksonville State,RB,2025-11-23,,,Alabama,FBS - CUSA,1
741,741,Drew Azzopardi,Washington,OT,2025-11-23,,,Washington,Big Ten,1
742,742,Richard Reese,Stephen F. Austin,RB,2025-11-23,,,Texas,FCS,1
743,743,Jack Pyburn,LSU,EDGE,2025-11-23,,,Louisiana,SEC,1
744,744,Justus Ross-Simmons,Syracuse,WR,2025-11-23,,,New York,ACC,1
745,745,Darren Agu,New Mexico,EDGE,2025-11-23,,,New Mexico,FBS - Mountain West,1
746,746,Noah Fifita,Arizona,QB,2025-11-23,,,Arizona,Big 12,1
747,747,Gavin Gibson,North Carolina,CB,2025-11-23,,,North Carolina,ACC,1
748,748,Sean FitzSimmons,Pitt,DL,2025-11-23,,,Pennsylvania,ACC,1
749,749,John Bock II,Tulane,IOL,2025-11-23,,,Louisiana,FBS - AAC,1
750,750,Thomas Castellanos,Florida State,QB,2025-11-23,,,Florida,ACC,1
751,751,Colbie Young,Georgia,WR,2025-11-23,,,Georgia,SEC,1
752,752,Cameron Ball,Arkansas,DL,2025-11-23,,,Arkansas,SEC,1
753,753,Jeremiah Earby,Boise State,CB,2025-11-23,,,Idaho,FBS - Mountain West,1
754,754,Jordan Pollard,San Jose State,LB,2025-11-23,,,California,FBS - Mountain West,1
755,755,Lance St. Louis,Texas,LS,2025-11-23,,,Texas,SEC,1
756,756,Justin Joly,NC State,TE,2025-11-23,,,North Carolina,ACC,1
757,757,Maurice Westmoreland,Tulane,EDGE,2025-11-23,,,Louisiana,FBS - AAC,1
758,758,Jay'Vion Cole,Arizona,CB,2025-11-23,,,Arizona,Big 12,1
759,759,Bryan McCoy,Oklahoma State,LB,2025-11-23,,,Oklahoma,Big 12,1
760,760,James Williams,Florida State,EDGE,2025-11-23,,,Florida,ACC,1
761,761,Justin Kirkland,BYU,DL,2025-11-23,,,Utah,Big 12,1
762,762,Keeshawn Silver,USC,DL,2025-11-23,,,California,Big Ten,1
763,763,Korey Foreman,Fresno State,EDGE,2025-11-23,,,California,FBS - Mountain West,1
764,764,Damon Payne,Michigan,DL,2025-11-23,,,Michigan,Big Ten,1
765,765,Nolan Rucci,Penn State,OT,2025-11-23,,,Pennsylvania,Big Ten,1
766,766,Sam Huard,USC,QB,2025-11-23,,,California,Big Ten,1
767,767,Sheridan Wilson,Texas Tech,IOL,2025-11-23,,,Texas,Big 12,1
768,768,Xavian Sorey Jr.,Arkansas,LB,2025-11-23,,,Arkansas,SEC,1
769,769,Sage Ryan,Ole Miss,S,2025-11-23,,,Mississippi,SEC,1
770,770,Gabriel Rubio,Notre Dame,DL,2025-11-23,,,Indiana,FBS - Independent,1
771,771,Ezra Dotson-Oyetade,Texas State,IOL,2025-11-23,,,Texas,FBS - Sun Belt,1
772,772,Kaidon Salter,Colorado,QB,2025-11-23,,,Colorado,Big 12,1
773,773,Logan Fano,Utah,EDGE,2025-11-23,,,Utah,Big 12,1
774,774,David Daniel-Sisavanh,Troy,S,2025-11-23,,,Alabama,FBS - Sun Belt,1
775,775,Prophet Brown,USC,CB,2025-11-23,,,California,Big Ten,1
776,776,Zen Michalski,Indiana,OT,2025-11-23,,,Indiana,Big Ten,1
777,777,Micah Morris,Georgia,IOL,2025-11-23,,,Georgia,SEC,1
778,778,Tunmise Adeleye,UNLV,DL,2025-11-23,,,Nevada,FBS - Mountain West,1
779,779,Malik McClain,Arizona State,WR,2025-11-23,,,Arizona,Big 12,1
780,780,Chris Hilton,LSU,WR,2025-11-23,,,Louisiana,SEC,1
781,781,Cody Jackson,Tarleton State,WR,2025-11-23,,,Texas,D2,1
782,782,Clayton Smith,Arizona State,EDGE,2025-11-23,,,Arizona,Big 12,1
783,783,Teddy Prochazka,Nebraska,OT,2025-11-23,,,Nebraska,Big Ten,1
784,784,Romello Brinson,SMU,WR,2025-11-23,,,Texas,ACC,1
785,785,Bryce Carter,Texas State,DL,2025-11-23,,,Texas,FBS - Sun Belt,1
786,786,Derrick Davis Jr.,Pitt,RB,2025-11-23,,,Pennsylvania,ACC,1
787,787,Shadrach Banks,UTSA,LB,2025-11-23,,,Texas,FBS - AAC,1
788,788,Kelvin Gilliam,Virginia Tech,DL,2025-11-23,,,Virginia,ACC,1
789,789,Jaden Craig,Harvard,QB,2025-11-23,,,Massachusetts,FCS,1
790,790,J.K. Johnson,Oklahoma State,CB,2025-11-23,,,Oklahoma,Big 12,1
791,791,Bram Walden,Arizona State,IOL,2025-11-23,,,Arizona,Big 12,1
792,792,Terrence Ferguson II,Syracuse,IOL,2025-11-23,,,New York,ACC,1
793,793,Ceyair Wright,Nebraska,CB,2025-11-23,,,Nebraska,Big Ten,1
794,794,Keli Lawson,UCF,LB,2025-11-23,,,Florida,Big 12,1
795,795,Dylan Brooks,Kansas,EDGE,2025-11-23,,,Kansas,Big 12,1
796,796,Matthew Bailey,Illinois,S,2025-11-23,,,Illinois,Big Ten,1
797,797,Carlos Del Rio-Wilson,Marshall,QB,2025-11-23,,,West Virginia,FBS - CUSA,1
798,798,Kyron Drones,Virginia Tech,QB,2025-11-23,,,Virginia,ACC,1
799,799,Jayden Ballard,Wisconsin,WR,2025-11-23,,,Wisconsin,Big Ten,1
800,800,Waymond Jordan,USC,RB,2025-11-23,,,California,Big Ten,1
801,801,Christian Leary,Western Michigan,WR,2025-11-23,,,Michigan,FBS - MAC,1
802,802,Tywone Malone,Ohio State,DL,2025-11-23,,,Ohio,Big Ten,1
803,803,Kadarius Calloway,New Mexico State,RB,2025-11-23,,,New Mexico,FBS - CUSA,1
804,804,Kyron Ware-Hudson,Penn State,WR,2025-11-23,,,Pennsylvania,Big Ten,1
805,805,James Brockermeyer,Miami (FL),IOL,2025-11-23,,,Florida,ACC,1
806,806,Savion Byrd,SMU,IOL,2025-11-23,,,Texas,ACC,1
807,807,J.P. Benzschawel,Wisconsin,IOL,2025-11-23,,,Wisconsin,Big Ten,1
808,808,Wilfredo Aybar,Stanford,EDGE,2025-11-23,,,California,ACC,1
809,809,Jardin Gilbert,LSU,S,2025-11-23,,,Louisiana,SEC,1
810,810,Carter Davis,Boston College,S,2025-11-23,,,Massachusetts,ACC,1
811,811,Evan Pryor,Cincinnati,RB,2025-11-23,,,Ohio,Big 12,1
812,812,Armoni Goodwin,UT Martin,RB,2025-11-23,,,Tennessee,FCS,1
813,813,Nyland Green,Arizona State,CB,2025-11-23,,,Arizona,Big 12,1
814,814,Cade Denhoff,Clemson,EDGE,2025-11-23,,,South Carolina,ACC,1
815,815,Prince Kollie,Vanderbilt,LB,2025-11-23,,,Tennessee,SEC,1
816,816,Keanu Koht,Vanderbilt,EDGE,2025-11-23,,,Tennessee,SEC,1
817,817,George Gumbs Jr.,Florida,EDGE,2025-11-23,,,Florida,SEC,1
818,818,L.J. Johnson Jr.,California,RB,2025-11-23,,,California,ACC,1
819,819,Noah Josey,Virginia,IOL,2025-11-23,,,Virginia,ACC,1
820,820,JoJo Earle,UNLV,WR,2025-11-23,,,Nevada,FBS - Mountain West,1
821,821,Byron Cardwell,San Diego State,RB,2025-11-23,,,California,FBS - Mountain West,1
822,822,Marcus Burris,Memphis,DL,2025-11-23,,,Tennessee,FBS - AAC,1
823,823,Ty Thompson,Tulane,TE,2025-11-23,,,Louisiana,FBS - AAC,1
824,824,Deion Colzie,Miami (OH),WR,2025-11-23,,,Ohio,FBS - MAC,1
825,825,Destyn Hill,LSU,WR,2025-11-23,,,Louisiana,SEC,1
826,826,Damarius McGhee,Florida Atlantic,CB,2025-11-23,,,Florida,FBS - AAC,1
827,827,Stanquan Clark,Louisville,LB,2025-11-23,,,Kentucky,ACC,1
828,828,Behren Morton,Texas Tech,QB,2025-11-23,,,Texas,Big 12,1
829,829,Jalen Walthall,Incarnate Word,WR,2025-11-23,,,Texas,FCS,1
830,830,Terry Moore,Duke,S,2025-11-23,,,North Carolina,ACC,1
831,831,Luke Altmyer,Illinois,QB,2025-11-23,,,Illinois,Big Ten,1
832,832,Raesjon Davis,Oregon State,LB,2025-11-23,,,Oregon,Pac 12,1
833,833,Trevion Cooley,Troy,RB,2025-11-23,,,Alabama,FBS - Sun Belt,1
834,834,Aiden Fisher,Indiana,LB,2025-11-23,,,Indiana,Big Ten,1
835,835,Ethan Calvert,Cal Poly,LB,2025-11-23,,,California,FCS,1
836,836,Earl Little Jr.,Florida State,S,2025-11-23,,,Florida,ACC,1
837,837,Malik Benson,Oregon,WR,2025-11-23,,,Oregon,Big Ten,1
838,838,Kendal Daniels,Oklahoma,S,2025-11-23,,,Oklahoma,SEC,1
839,839,Zaire Patterson,Clemson,EDGE,2025-11-23,,,South Carolina,ACC,1
840,840,Avante Dickerson,Arkansas State,CB,2025-11-23,,,Arkansas,FBS - Sun Belt,1
841,841,Devean Deal,TCU,EDGE,2025-11-23,,,Texas,Big 12,1
842,842,Jeremiah Williams,Texas A&M,EDGE,2025-11-23,,,Texas,SEC,1
843,843,DJ Harvey,USC,CB,2025-11-23,,,California,Big Ten,1
844,844,Preston Stone,Northwestern,QB,2025-11-23,,,Illinois,Big Ten,1
845,845,Raheem Anderson,Western Michigan,IOL,2025-11-23,,,Michigan,FBS - MAC,1
846,846,Dacari Collins,Louisville,WR,2025-11-23,,,Kentucky,ACC,1
847,847,Jabari Ishmael,Southern Miss,EDGE,2025-11-23,,,Mississippi,FBS - CUSA,1
848,848,Jaylin Davies,Oklahoma State,CB,2025-11-23,,,Oklahoma,Big 12,1
849,849,Lorenzo Styles Jr.,Ohio State,CB,2025-11-23,,,Ohio,Big Ten,1
850,850,Jonathan Jefferson,SMU,DL,2025-11-23,,,Texas,ACC,1
851,851,Cruce Brookins,Pitt,S,2025-11-23,,,Pennsylvania,ACC,1
852,852,Tommy Doman,Florida,P,2025-11-23,,,Florida,SEC,1
853,853,Tyler Onyedim,Texas A&M,DL,2025-11-23,,,Texas,SEC,1
854,854,Martel Hight,Vanderbilt,CB,2025-11-23,,,Tennessee,SEC,1
855,855,Andrel Anthony,Duke,WR,2025-11-23,,,North Carolina,ACC,1
856,856,Logan Diggs,Ole Miss,RB,2025-11-23,,,Mississippi,SEC,1
857,857,Joseph Manjack IV,TCU,WR,2025-11-23,,,Texas,Big 12,1
858,858,Jason Henderson,Old Dominion,LB,2025-11-23,,,Virginia,FBS - CUSA,1
859,859,Jared Brown,South Carolina,WR,2025-11-23,,,South Carolina,SEC,1
860,860,Jaden Bray,West Virginia,WR,2025-11-23,,,West Virginia,Big 12,1
861,861,Horatio Fields,Auburn,WR,2025-11-23,,,Alabama,SEC,1
862,862,Kolbey Taylor,Vanderbilt,CB,2025-11-23,,,Tennessee,SEC,1
863,863,Jordan Favors,Appalachian State,S,2025-11-23,,,North Carolina,FBS - Sun Belt,1
864,864,Rara Thomas,Troy,WR,2025-11-23,,,Alabama,FBS - Sun Belt,1
865,865,DeAndre Boykins,Oklahoma State,CB,2025-11-23,,,Oklahoma,Big 12,1
866,866,Dominick Giudice,Missouri,IOL,2025-11-23,,,Missouri,SEC,1
867,867,Alton McCaskill IV,Sam Houston State,RB,2025-11-23,,,Texas,FBS - CUSA,1
868,868,Jayden Thomas,Virginia,WR,2025-11-23,,,Virginia,ACC,1
869,869,Teague Andersen,NC State,IOL,2025-11-23,,,North Carolina,ACC,1
870,870,Chamon Metayer,Arizona State,TE,2025-11-23,,,Arizona,Big 12,1
871,871,Eric O'Neill,Rutgers,EDGE,2025-11-23,,,New Jersey,Big Ten,1
872,872,David Gusta,Kentucky,DL,2025-11-23,,,Kentucky,SEC,1
873,873,Dylan Rosiek,Illinois,LB,2025-11-23,,,Illinois,Big Ten,1
874,874,Jake Retzlaff,Tulane,QB,2025-11-23,,,Louisiana,FBS - AAC,1
875,875,Eric Gentry,USC,LB,2025-11-23,,,California,Big Ten,1
876,876,Khordae Sydnor,Vanderbilt,EDGE,2025-11-23,,,Tennessee,SEC,1
877,877,Corey Platt Jr.,Houston,LB,2025-11-23,,,Texas,Big 12,1
878,878,Jerand Bradley,Kansas State,WR,2025-11-23,,,Kansas,Big 12,1
879,879,Jamal Haynes,Georgia Tech,RB,2025-11-23,,,Georgia,ACC,1
880,880,Sean Brown,NC State,LB,2025-11-23,,,North Carolina,ACC,1
881,881,Cole Rusk,Illinois,TE,2025-11-23,,,Illinois,Big Ten,1
882,882,Jack Kelly,BYU,LB,2025-11-23,,,Utah,Big 12,1
883,883,Jordan van den Berg,Georgia Tech,DL,2025-11-23,,,Georgia,ACC,1
884,884,Tiaoalii Savea,Arizona,DL,2025-11-23,,,Arizona,Big 12,1
885,885,Darian Chestnut,Syracuse,CB,2025-11-23,,,New York,ACC,1
886,886,Cyrus Allen,Cincinnati,WR,2025-11-23,,,Ohio,Big 12,1
887,887,Ricardo Hallman,Wisconsin,CB,2025-11-23,,,Wisconsin,Big Ten,1
888,888,Daylan Carnell,Missouri,S,2025-11-23,,,Missouri,SEC,1
889,889,De'Zhaun Stribling,Ole Miss,WR,2025-11-23,,,Mississippi,SEC,1
890,890,Will Kacmarek,Ohio State,TE,2025-11-23,,,Ohio,Big Ten,1
891,891,Cade Zimmerly,Bowling Green,IOL,2025-11-23,,,Ohio,FBS - MAC,1
892,892,Bauer Sharp,LSU,TE,2025-11-23,,,Louisiana,SEC,1
893,893,David Blay,Miami (FL),DL,2025-11-23,,,Florida,ACC,1
894,894,Preston Hodge,Colorado,CB,2025-11-23,,,Colorado,Big 12,1
895,895,Seydou Traore,Mississippi State,TE,2025-11-23,,,Mississippi,SEC,1
896,896,Bert Auburn,Miami (FL),K,2025-11-23,,,Florida,ACC,1
897,897,Kamryn Waites,Florida,IOL,2025-11-23,,,Florida,SEC,1
898,898,Tony Grimes,Purdue,CB,2025-11-23,,,Indiana,Big Ten,1
899,899,Sav'ell Smalls,Colorado,TE,2025-11-23,,,Colorado,Big 12,1
900,900,Malcolm Greene,Massachusetts,S,2025-11-23,,,Massachusetts,FBS - MAC,1
901,901,Xavion Alford,Arizona State,S,2025-11-23,,,Arizona,Big 12,1
902,902,Troy Omeire,UNLV,WR,2025-11-23,,,Nevada,FBS - Mountain West,1
903,903,Joshua Braun,Kentucky,IOL,2025-11-23,,,Kentucky,SEC,1
904,904,Andrew Gentry,BYU,OT,2025-11-23,,,Utah,Big 12,1
905,905,Jeff Sims,Arizona State,QB,2025-11-23,,,Arizona,Big 12,1
906,906,Tosh Baker,Notre Dame,OT,2025-11-23,,,Indiana,FBS - Independent,1
907,907,Aki Ogunbiyi,Colorado,IOL,2025-11-23,,,Colorado,Big 12,1
908,908,E.J. Williams,Indiana,WR,2025-11-23,,,Indiana,Big Ten,1
909,909,Fred Davis II,Northwestern,CB,2025-11-23,,,Illinois,Big Ten,1
910,910,Drew Pyne,Bowling Green,QB,2025-11-23,,,Ohio,FBS - MAC,1
911,911,Demon Clowney,South Carolina,EDGE,2025-11-23,,,South Carolina,SEC,1
912,912,Key Lawrence,UCLA,CB,2025-11-23,,,California,Big Ten,1
913,913,Max Johnson,North Carolina,QB,2025-11-23,,,North Carolina,ACC,1
914,914,Turner Corcoran,Nebraska,IOL,2025-11-23,,,Nebraska,Big Ten,1
915,915,Jalon Daniels,Kansas,QB,2025-11-23,,,Kansas,Big 12,1
916,916,Chip Trayanum,Toledo,RB,2025-11-23,,,Ohio,FBS - MAC,1
917,917,Bangally Kamara,Kansas,LB,2025-11-23,,,Kansas,Big 12,1
918,918,Chad Lindberg,North Carolina,IOL,2025-11-23,,,North Carolina,ACC,1
919,919,Reggie Grimes,Memphis,EDGE,2025-11-23,,,Tennessee,FBS - AAC,1
920,920,Stephen Dix Jr.,Arkansas,LB,2025-11-23,,,Arkansas,SEC,1
921,921,Devin Neal,Virginia,S,2025-11-23,,,Virginia,ACC,1
922,922,Walker Parks,Clemson,IOL,2025-11-23,,,South Carolina,ACC,1
923,923,Laurence Seymore,Western Kentucky,IOL,2025-11-23,,,Kentucky,FBS - CUSA,1
924,924,Roydell Williams,Florida State,RB,2025-11-23,,,Florida,ACC,1
925,925,Tyler Van Dyke,SMU,QB,2025-11-23,,,Texas,ACC,1
926,926,Haynes King,Georgia Tech,QB,2025-11-23,,,Georgia,ACC,1
927,927,Jimari Butler,LSU,EDGE,2025-11-23,,,Louisiana,SEC,1
928,928,Dillon Wade,Auburn,IOL,2025-11-23,,,Alabama,SEC,1
929,929,Jordan White,Vanderbilt,IOL,2025-11-23,,,Tennessee,SEC,1
930,930,Stefon Thompson,Florida State,LB,2025-11-23,,,Florida,ACC,1
931,931,Caullin Lacy,Louisville,WR,2025-11-23,,,Kentucky,ACC,1
932,932,Jahmeer Carter,Virginia,DL,2025-11-23,,,Virginia,ACC,1
933,933,Hunter Zambrano,Texas Tech,IOL,2025-11-23,,,Texas,Big 12,1
934,934,Miles Scott,Illinois,S,2025-11-23,,,Illinois,Big Ten,1
935,935,Karon Prunty,Wake Forest,CB,2025-11-23,,,North Carolina,ACC,1
936,936,Ja'Mori Maclin,Kentucky,WR,2025-11-23,,,Kentucky,SEC,1
937,937,Benji Gosnell,Virginia Tech,TE,2025-11-23,,,Virginia,ACC,1
938,938,Gilber Edmond,South Carolina,EDGE,2025-11-23,,,South Carolina,SEC,1
939,939,D.J. Graham,Kansas,CB,2025-11-23,,,Kansas,Big 12,1
940,940,Courtland Ford,UCLA,OT,2025-11-23,,,California,Big Ten,1
941,941,Jalen Berger,UCLA,RB,2025-11-23,,,California,Big Ten,1
942,942,Payton Zdroik,Air Force,DL,2025-11-23,,,Colorado,FBS - Mountain West,1
943,943,Leon Lowery Jr.,Illinois,LB,2025-11-23,,,Illinois,Big Ten,1
944,944,Athan Kaliakmanis,Rutgers,QB,2025-11-23,,,New Jersey,Big Ten,1
945,945,Braydon Bennett,Virginia Tech,RB,2025-11-23,,,Virginia,ACC,1
946,946,Nick Dawkins,Penn State,IOL,2025-11-23,,,Pennsylvania,Big Ten,1
947,947,Dominic Richardson,Tulsa,RB,2025-11-23,,,Oklahoma,FBS - AAC,1
948,948,Dariel Djabome,Rutgers,LB,2025-11-23,,,New Jersey,Big Ten,1
949,949,Diego Pavia,Vanderbilt,QB,2025-11-23,,,Tennessee,SEC,1
950,950,Tyree Skipper,Louisiana-Lafayette,S,2025-11-23,,,Louisiana,FBS - Sun Belt,1
951,951,Noah Whittington,Oregon,RB,2025-11-23,,,Oregon,Big Ten,1
952,952,Alex Wollschlaeger,Kentucky,OT,2025-11-23,,,Kentucky,SEC,1
953,953,Matthew Sluka,James Madison,QB,2025-11-23,,,Virginia,FBS - Sun Belt,1
954,954,Tavian Coleman,Colorado,DL,2025-11-23,,,Colorado,Big 12,1
955,955,Donavon Greene,Virginia Tech,WR,2025-11-23,,,Virginia,ACC,1
956,956,Ja'Varrius Johnson,UCF,WR,2025-11-23,,,Florida,Big 12,1
957,957,Cade McNamara,East Tennessee State,QB,2025-11-23,,,Tennessee,FCS,1
958,958,Ben Coleman,Arizona State,IOL,2025-11-23,,,Arizona,Big 12,1
959,959,Jacob Thomas,James Madison,S,2025-11-23,,,Virginia,FBS - Sun Belt,1
960,960,Matthew Bedford,Oregon,OT,2025-11-23,,,Oregon,Big Ten,1
961,961,Vinny Anthony II,Wisconsin,WR,2025-11-23,,,Wisconsin,Big Ten,1
962,962,Antonio Clary,Virginia,S,2025-11-23,,,Virginia,ACC,1
963,963,Mohamed Toure,Miami (FL),LB,2025-11-23,,,Florida,ACC,1
964,964,Dequan Finn,Miami (OH),QB,2025-11-23,,,Ohio,FBS - MAC,1
965,965,Rahsul Faison,South Carolina,RB,2025-11-23,,,South Carolina,SEC,1
966,966,Zach Calzada,Kentucky,QB,2025-11-23,,,Kentucky,SEC,1
967,967,Levani Damuni,Utah,LB,2025-11-23,,,Utah,Big 12,1
968,968,Jimmy Rolder,Michigan,LB,2025-11-23,,,Michigan,Big Ten,1
