1,1,Arch Manning,Texas,QB,2026-01-21,,,Texas,SEC,35
2,2,Dante Moore,Oregon,QB,2026-01-21,,,Oregon,Big Ten,35
3,3,Jeremiah Smith,Ohio State,WR,2026-01-21,,,Ohio,Big Ten,35
4,4,LaNorris Sellers,South Carolina,QB,2026-01-21,,,South Carolina,SEC,35
5,5,DJ Lagway,Baylor,QB,2026-01-21,,,Texas,Big 12,35
6,6,Julian Sayin,Ohio State,QB,2026-01-21,,,Ohio,Big Ten,35
7,7,Ryan Williams,Alabama,WR,2026-01-21,,,Alabama,SEC,35
8,8,Cole Sullivan,Oklahoma,LB,2026-01-21,,,Oklahoma,SEC,35
9,9,Colin Simmons,Texas,EDGE,2026-01-21,,,Texas,SEC,35
10,10,Dylan Stewart,South Carolina,EDGE,2026-01-21,,,South Carolina,SEC,35
11,11,Leonard Moore,Notre Dame,CB,2026-01-21,,,Indiana,FBS - Independent,30
12,12,David Stone,Oklahoma,DL,2026-01-21,,,Oklahoma,SEC,30
13,13,Cam Dooley,Kentucky,S,2026-01-21,,,Kentucky,SEC,30
14,14,Jordan Ross,LSU,DL,2026-01-21,,,Louisiana,SEC,30
15,15,OJ Frederique Jr.,Miami (FL),CB,2026-01-21,,,Florida,ACC,30
16,16,A'Mauri Washington,Oregon,DL,2026-01-21,,,Oregon,Big Ten,30
17,17,Dermaricus Davis,UCLA,QB,2026-01-21,,,California,Big Ten,30
18,18,Cam Coleman,Texas,WR,2026-01-21,,,Texas,SEC,30
19,19,Trevor Goosby,Texas,OT,2026-01-21,,,Texas,SEC,30
20,20,Gregory Smith,Florida,S,2026-01-21,,,Florida,SEC,30
21,21,Ahmad Hardy,Missouri,RB,2026-01-21,,,Missouri,SEC,30
22,22,Koi Perich,Oregon,S,2026-01-21,,,Oregon,Big Ten,30
23,23,Ellis Robinson IV,Georgia,CB,2026-01-21,,,Georgia,SEC,30
24,24,Jordan Seaton,Colorado,OT,2026-01-21,,,Colorado,Big 12,30
25,25,Jayden Jackson,Oklahoma State,DL,2026-01-21,,,Oklahoma,Big 12,30
26,26,Jaiden Patterson,North Carolina,S,2026-01-21,,,North Carolina,ACC,25
27,27,Justin Scott,Miami (FL),DL,2026-01-21,,,Florida,ACC,25
28,28,Elijah Rushing,Oregon,EDGE,2026-01-21,,,Oregon,Big Ten,25
29,29,Ashton Hampton,Clemson,CB,2026-01-21,,,South Carolina,ACC,25
30,30,Nate Frazier,Georgia,RB,2026-01-21,,,Georgia,SEC,25
31,31,Jaden Craig,TCU,QB,2026-01-21,,,Texas,Big 12,25
32,32,KJ Bolden,Georgia,S,2026-01-21,,,Georgia,SEC,25
33,33,Sammy Brown,Clemson,LB,2026-01-21,,,South Carolina,ACC,25
34,34,Maraad Watson,Texas,DL,2026-01-21,,,Texas,SEC,25
35,35,Eli Bowen,Oklahoma,CB,2026-01-21,,,Oklahoma,SEC,25
36,36,Bradley Shaw,Arkansas,LB,2026-01-21,,,Arkansas,SEC,20
37,37,Zabien Brown,Alabama,CB,2026-01-21,,,Alabama,SEC,20
38,38,Williams Nwaneri,Nebraska,DL,2026-01-21,,,Nebraska,Big Ten,20
39,39,Jamari Johnson,Oregon,TE,2026-01-21,,,Oregon,Big Ten,20
40,40,Terry Bussey,Texas A&M,WR,2026-01-21,,,Texas,SEC,20
41,41,Marcus Neal Jr.,Penn State,S,2026-01-21,,,Pennsylvania,Big Ten,20
42,42,Mazeo Bennett,South Carolina,WR,2026-01-21,,,South Carolina,SEC,20
43,43,I'Marion Stewart,Michigan,WR,2026-01-21,,,Michigan,Big Ten,20
44,44,Izaiah Williams,Kansas State,WR,2026-01-21,,,Kansas,Big 12,20
45,45,Matayo Uiagalelei,Oregon,EDGE,2026-01-21,,,Oregon,Big Ten,20
46,46,Mason Curtis,Michigan,LB,2026-01-21,,,Michigan,Big Ten,20
47,47,Corey Smith,Penn State,RB,2026-01-21,,,Pennsylvania,Big Ten,20
48,48,Solomon Williams,California,EDGE,2026-01-21,,,California,ACC,20
49,49,Amaris Williams,Georgia,EDGE,2026-01-21,,,Georgia,SEC,20
50,50,Dylan Stephenson,Stanford,EDGE,2026-01-21,,,California,ACC,20
51,51,Booker Pickett Jr.,Miami (FL),EDGE,2026-01-21,,,Florida,ACC,20
52,52,Kwazi Gilmer,Nebraska,WR,2026-01-21,,,Nebraska,Big Ten,20
53,53,Caleb Odom,Alabama,TE,2026-01-21,,,Alabama,SEC,20
54,54,Charles Lester III,Florida State,CB,2026-01-21,,,Florida,ACC,20
55,55,DJ McKinney,Notre Dame,CB,2026-01-21,,,Indiana,FBS - Independent,20
56,56,Daniel Calhoun,Georgia,OT,2026-01-21,,,Georgia,SEC,20
57,57,Davon Mitchell,Oklahoma,TE,2026-01-21,,,Oklahoma,SEC,20
58,58,Dillan Johnson,Wisconsin,DL,2026-01-21,,,Wisconsin,Big Ten,20
59,59,Dontae Carter,Vanderbilt,S,2026-01-21,,,Tennessee,SEC,20
60,60,A.J. Harris,Indiana,CB,2026-01-21,,,Indiana,Big Ten,15
61,61,Elijah Brown,Stanford,QB,2026-01-21,,,California,ACC,15
62,62,Ernest Willor Jr.,Wisconsin,DL,2026-01-21,,,Wisconsin,Big Ten,15
63,63,Kade Pieper,Iowa,IOL,2026-01-21,,,Iowa,Big Ten,15
64,64,Eugene Brooks,Oklahoma,IOL,2026-01-21,,,Oklahoma,SEC,15
65,65,Fred Johnson,South Carolina,LB,2026-01-21,,,South Carolina,SEC,15
66,66,Anto Saka,Texas A&M,EDGE,2026-01-21,,,Texas,SEC,15
67,67,Fletcher Westphal,Florida,OT,2026-01-21,,,Florida,SEC,15
68,68,Nyck Harbor,South Carolina,WR,2026-01-21,,,South Carolina,SEC,15
69,69,Gatlin Bair,Oregon,WR,2026-01-21,,,Oregon,Big Ten,15
70,70,Ivan Carreon,Oklahoma,WR,2026-01-21,,,Oklahoma,SEC,15
71,71,Jacob Smith,Kentucky,EDGE,2026-01-21,,,Kentucky,SEC,10
72,72,Suntarine Perkins,Ole Miss,LB,2026-01-21,,,Mississippi,SEC,10
73,73,John Mateer,Oklahoma,QB,2026-01-21,,,Oklahoma,SEC,10
74,74,James Nesta,Oklahoma,LB,2026-01-21,,,Oklahoma,SEC,10
75,75,Jayshawn Ross,Alabama,EDGE,2026-01-21,,,Alabama,SEC,10
76,76,Anthony Smith,Minnesota,DL,2026-01-21,,,Minnesota,Big Ten,10
77,77,Jericho Johnson,Oregon,DL,2026-01-21,,,Oregon,Big Ten,10
78,78,Jordan Marshall,Michigan,RB,2026-01-21,,,Michigan,Big Ten,10
79,79,Jordan Thomas,South Carolina,DL,2026-01-21,,,South Carolina,SEC,10
80,80,Kaleb Beasley,Louisville,CB,2026-01-21,,,Kentucky,ACC,10
81,81,Kam Franklin,Ole Miss,DL,2026-01-21,,,Mississippi,SEC,10
82,82,Eric Singleton Jr.,Florida,WR,2026-01-21,,,Florida,SEC,10
83,83,Kamar Mothudi,Oregon,LB,2026-01-21,,,Oregon,Big Ten,10
84,84,Koy Beasley,Purdue,S,2026-01-21,,,Indiana,Big Ten,10
85,85,Aidan Chiles,Northwestern,QB,2026-01-21,,,Illinois,Big Ten,10
86,86,Kyle Altuner,West Virginia,IOL,2026-01-21,,,West Virginia,Big 12,10
87,87,Loghan Thomas,Notre Dame,EDGE,2026-01-21,,,Indiana,FBS - Independent,10
88,88,Marques Easley,Georgia,OT,2026-01-21,,,Georgia,SEC,10
89,89,Micahi Danzy,Florida State,RB,2026-01-21,,,Florida,ACC,10
90,90,Michael Uini,Georgia,OT,2026-01-21,,,Georgia,SEC,10
91,91,Mike Matthews,Tennessee,WR,2026-01-21,,,Tennessee,SEC,10
92,92,Sam Leavitt,LSU,QB,2026-01-21,,,Louisiana,SEC,10
93,93,Nasir Johnson,Georgia,DL,2026-01-21,,,Georgia,SEC,10
94,94,Dakoda Fields,Oklahoma,CB,2026-01-21,,,Oklahoma,SEC,10
95,95,Cayden Green,Missouri,OT,2026-01-21,,,Missouri,SEC,10
96,96,Payton Pierce,Ohio State,LB,2026-01-21,,,Ohio,Big Ten,10
97,97,Selman Bridges,Arkansas,CB,2026-01-21,,,Arkansas,SEC,10
98,98,Wardell Mack,Texas,CB,2026-01-21,,,Texas,SEC,10
99,99,Weston Davis,LSU,OT,2026-01-21,,,Louisiana,SEC,10
100,100,Xavier Filsaime,Texas,S,2026-01-21,,,Texas,SEC,10
101,101,Zaquan Patterson,Miami (FL),S,2026-01-21,,,Florida,ACC,8
102,102,Jeremy Payne,TCU,RB,2026-01-21,,,Texas,Big 12,8
103,103,C.J. Baxter,Kentucky,RB,2026-01-21,,,Kentucky,SEC,8
104,104,Terrell Anderson,USC,WR,2026-01-21,,,California,Big Ten,8
105,105,Justice Haynes,Georgia Tech,RB,2026-01-21,,,Georgia,ACC,8
106,106,Cai Bates,Wisconsin,CB,2026-01-21,,,Wisconsin,Big Ten,8
107,107,Jontez Williams,USC,CB,2026-01-21,,,California,Big Ten,8
108,108,Jay Crawford,Ole Miss,CB,2026-01-21,,,Mississippi,SEC,8
109,109,Cam Williams,Notre Dame,WR,2026-01-21,,,Indiana,FBS - Independent,8
110,110,Xavier Chaplin,Florida State,OT,2026-01-21,,,Florida,ACC,8
111,111,James Peoples,Penn State,RB,2026-01-21,,,Pennsylvania,Big Ten,8
112,112,Nico Iamaleava,UCLA,QB,2026-01-21,,,California,Big Ten,8
113,113,Marquis Gallegos,USC,S,2026-01-21,,,California,Big Ten,8
114,114,Makhi Hughes,Houston,RB,2026-01-21,,,Texas,Big 12,8
115,115,Hauss Hejny,Colorado State,QB,2026-01-21,,,Colorado,FBS - Mountain West,8
116,116,Ryan Pellum,Oregon,WR,2026-01-21,,,Oregon,Big Ten,8
117,117,Darius Taylor,Minnesota,RB,2026-01-21,,,Minnesota,Big Ten,8
118,118,Benedict Umeh,Stanford,EDGE,2026-01-21,,,California,ACC,8
119,119,Max LeBlanc,Ohio State,TE,2026-01-21,,,Ohio,Big Ten,8
120,120,Jaheim Oatis,Ole Miss,DL,2026-01-21,,,Mississippi,SEC,8
121,121,DD Holmes,Florida State,EDGE,2026-01-21,,,Florida,ACC,7
122,122,Artavius Jones,Miami (FL),DL,2026-01-21,,,Florida,ACC,7
123,123,Chance Robinson,Miami (FL),WR,2026-01-21,,,Florida,ACC,7
124,124,Bennett Warren,Minnesota,OT,2026-01-21,,,Minnesota,Big Ten,7
125,125,Damon Wilson Jr.,Missouri,EDGE,2026-01-21,,,Missouri,SEC,7
126,126,Elijah Groves,NC State,LB,2026-01-21,,,North Carolina,ACC,7
127,127,Gabe Burkle,Penn State,TE,2026-01-21,,,Pennsylvania,Big Ten,7
128,128,Boubacar Traore,Notre Dame,EDGE,2026-01-21,,,Indiana,FBS - Independent,7
129,129,Dakyus Brinkley,Kansas,LB,2026-01-21,,,Kansas,Big 12,7
130,130,Ethan Grunkemeyer,Virginia Tech,QB,2026-01-21,,,Virginia,ACC,7
131,131,Isaiah Garcia,Utah,OT,2026-01-21,,,Utah,Big 12,7
132,132,Jo'Ziah Edmond,Michigan,CB,2026-01-21,,,Michigan,Big Ten,7
133,133,Jonathan Paylor,NC State,WR,2026-01-21,,,North Carolina,ACC,7
134,134,KD Daniels,Wake Forest,RB,2026-01-21,,,North Carolina,ACC,7
135,135,Nigel Smith II,Oklahoma,DL,2026-01-21,,,Oklahoma,SEC,7
136,136,Drayk Bowen,Notre Dame,LB,2026-01-21,,,Indiana,FBS - Independent,7
137,137,Iapani Laloulu,Oregon,IOL,2026-01-21,,,Oregon,Big Ten,7
138,138,Lugard Edokpayi,Michigan,EDGE,2026-01-21,,,Michigan,Big Ten,7
139,139,Tao Johnson,UCLA,S,2026-01-21,,,California,Big Ten,7
140,140,Marcelles Williams,USC,CB,2026-01-21,,,California,Big Ten,7
141,141,Kylan Billiot,James Madison,WR,2026-01-21,,,Virginia,FBS - Sun Belt,7
142,142,Michael Turner Jr.,LSU,CB,2026-01-21,,,Louisiana,SEC,7
143,143,Nic Anderson,Kentucky,WR,2026-01-21,,,Kentucky,SEC,7
144,144,Ondre Evans,NC State,CB,2026-01-21,,,North Carolina,ACC,7
145,145,Peyton Lewis,Liberty,RB,2026-01-21,,,Virginia,FBS - CUSA,7
146,146,Amare Campbell,Tennessee,LB,2026-01-21,,,Tennessee,SEC,7
147,147,Shaq McRoy,Oregon,OT,2026-01-21,,,Oregon,Big Ten,7
148,148,Evan Stewart,Oregon,WR,2026-01-21,,,Oregon,Big Ten,7
149,149,Trey'Dez Green,LSU,TE,2026-01-21,,,Louisiana,SEC,7
150,150,Will Nolan,Iowa,OT,2026-01-21,,,Iowa,Big Ten,7
151,151,Coen Echols,Texas A&M,IOL,2026-01-21,,,Texas,SEC,6
152,152,Will Hammond,Texas Tech,QB,2026-01-21,,,Texas,Big 12,6
153,153,Keon Sabb,Alabama,S,2026-01-21,,,Alabama,SEC,6
154,154,Quintrevion Wisner,Florida State,RB,2026-01-21,,,Florida,ACC,6
155,155,Kelley Jones,Mississippi State,CB,2026-01-21,,,Mississippi,SEC,6
156,156,Jon Mitchell,Penn State,CB,2026-01-21,,,Pennsylvania,Big Ten,6
157,157,Andrew Sprague,Michigan,OT,2026-01-21,,,Michigan,Big Ten,6
158,158,Cooper Cousins,Penn State,IOL,2026-01-21,,,Pennsylvania,Big Ten,6
159,159,Duce Robinson,Florida State,WR,2026-01-21,,,Florida,ACC,6
160,160,Ashton Bethel-Roman,Texas A&M,WR,2026-01-21,,,Texas,SEC,6
161,161,Dealyn Evans,Mississippi State,DL,2026-01-21,,,Mississippi,SEC,6
162,162,Austin Siereveld,Ohio State,OT,2026-01-21,,,Ohio,Big Ten,6
163,163,Kanye Udoh,Arizona State,RB,2026-01-21,,,Arizona,Big 12,6
164,164,Datrell Jones,Holy Cross,WR,2026-01-21,,,Massachusetts,FCS,6
165,165,Dean Miller,Kansas,EDGE,2026-01-21,,,Kansas,Big 12,6
166,166,William Satterwhite,LSU,IOL,2026-01-21,,,Louisiana,SEC,6
167,167,Carlos Hernandez,Wake Forest,WR,2026-01-21,,,North Carolina,ACC,6
168,168,C.J. Fite,Arizona State,DL,2026-01-21,,,Arizona,Big 12,6
169,169,Brady Prieskorn,Ole Miss,TE,2026-01-21,,,Mississippi,SEC,6
170,170,Eli Holstein,Virginia,QB,2026-01-21,,,Virginia,ACC,6
171,171,Kayin Lee,Auburn,CB,2026-01-21,,,Alabama,SEC,6
172,172,Tawaski Abrams,Florida,WR,2026-01-21,,,Florida,SEC,6
173,173,Isaac Brown,Louisville,RB,2026-01-21,,,Kentucky,ACC,6
174,174,Aaron Butler,Texas,WR,2026-01-21,,,Texas,SEC,6
175,175,Dillon Gresham,Oregon,WR,2026-01-21,,,Oregon,Big Ten,6
176,176,Keylen Adams,Virginia Tech,WR,2026-01-21,,,Virginia,ACC,6
177,177,Aydin Breland,Oregon,DL,2026-01-21,,,Oregon,Big Ten,6
178,178,Dylan Raiola,Oregon,QB,2026-01-21,,,Oregon,Big Ten,6
179,179,Fox Crader,Oregon,OT,2026-01-21,,,Oregon,Big Ten,6
180,180,TJ Moore,Clemson,WR,2026-01-21,,,South Carolina,ACC,6
181,181,Derek Weisskopf,Iowa,LB,2026-01-21,,,Iowa,Big Ten,5
182,182,Dre'lon Miller,Baylor,WR,2026-01-21,,,Texas,Big 12,5
183,183,Amir Jackson,Florida,TE,2026-01-21,,,Florida,SEC,5
184,184,Elyjah Thurmon,Clemson,IOL,2026-01-21,,,South Carolina,ACC,5
185,185,James Smith,Ohio State,DL,2026-01-21,,,Ohio,Big Ten,5
186,186,Landen Thomas,Florida State,TE,2026-01-21,,,Florida,ACC,5
187,187,Brian Robinson,Kentucky,DL,2026-01-21,,,Kentucky,SEC,5
188,188,Joseph Jonah-Ajonye,Georgia,DL,2026-01-21,,,Georgia,SEC,5
189,189,Adonijah Green,Louisville,DL,2026-01-21,,,Kentucky,ACC,5
190,190,Armondo Blount,Miami (FL),DL,2026-01-21,,,Florida,ACC,5
191,191,Blake Ivy,Texas A&M,OT,2026-01-21,,,Texas,SEC,5
192,192,Jaren Sensabaugh,Missouri,CB,2026-01-21,,,Missouri,SEC,5
193,193,Eugene Wilson III,LSU,WR,2026-01-21,,,Louisiana,SEC,5
194,194,Amare Ferrell,Indiana,S,2026-01-21,,,Indiana,Big Ten,5
195,195,Antonio White Jr.,Rutgers,S,2026-01-21,,,New Jersey,Big Ten,5
196,196,Bryce Cain,Auburn,WR,2026-01-21,,,Alabama,SEC,5
197,197,Casey Poe,Alabama,IOL,2026-01-21,,,Alabama,SEC,5
198,198,Darien Mayo,Clemson,DL,2026-01-21,,,South Carolina,ACC,5
199,199,Courtney Crutchfield,Missouri,WR,2026-01-21,,,Missouri,SEC,5
200,200,Christian Bentancur,Clemson,TE,2026-01-21,,,South Carolina,ACC,5
201,201,Zeke Berry,Michigan,S,2026-01-21,,,Michigan,Big Ten,5
202,202,Gus Hawkins,Kansas State,OT,2026-01-21,,,Kansas,Big 12,5
203,203,Whit Weeks,LSU,LB,2026-01-21,,,Louisiana,SEC,5
204,204,Eddrick Houston,Ohio State,DL,2026-01-21,,,Ohio,Big Ten,5
205,205,Dominick McKinley,LSU,DL,2026-01-21,,,Louisiana,SEC,5
206,206,Emerson Mandell,Wisconsin,IOL,2026-01-21,,,Wisconsin,Big Ten,5
207,207,Gabe Williams,Virginia Tech,LB,2026-01-21,,,Virginia,ACC,5
208,208,Knijeah Harris,Florida,IOL,2026-01-21,,,Florida,SEC,5
209,209,Garrett Sexton,Penn State,OT,2026-01-21,,,Pennsylvania,Big Ten,5
210,210,Jadyn Davis,East Tennessee State,QB,2026-01-21,,,Tennessee,FCS,5
211,211,Jyaire Hill,Michigan,CB,2026-01-21,,,Michigan,Big Ten,5
212,212,Tellek Lockette,Texas State,IOL,2026-01-21,,,Texas,FBS - Sun Belt,5
213,213,Jordan Lyle,Miami (FL),RB,2026-01-21,,,Florida,ACC,5
214,214,Greg Johnson,Minnesota,IOL,2026-01-21,,,Minnesota,Big Ten,5
215,215,Jaylen Brown,Missouri,DL,2026-01-21,,,Missouri,SEC,5
216,216,Joshisa Trader,Miami (FL),WR,2026-01-21,,,Florida,ACC,5
217,217,Austin Romaine,Texas Tech,LB,2026-01-21,,,Texas,Big 12,5
218,218,Kingston Lopa,Oregon,S,2026-01-21,,,Oregon,Big Ten,5
219,219,Cameron Calhoun,Ohio State,CB,2026-01-21,,,Ohio,Big Ten,5
220,220,Kameryn Fountain,USC,DL,2026-01-21,,,California,Big Ten,5
221,221,Mario Craver,Mississippi State,WR,2026-01-21,,,Mississippi,SEC,5
222,222,Jeremiah Melvin,Wake Forest,WR,2026-01-21,,,North Carolina,ACC,5
223,223,Manasse Itete,Florida State,IOL,2026-01-21,,,Florida,ACC,5
224,224,Myles Graham,Florida,LB,2026-01-21,,,Florida,SEC,5
225,225,Avery Johnson,Kansas State,QB,2026-01-21,,,Kansas,Big 12,5
226,226,Perry Thompson,Minnesota,WR,2026-01-21,,,Minnesota,Big Ten,5
227,227,Darian Mensah,Duke,QB,2026-01-21,,,North Carolina,ACC,5
228,228,Nyier Daniels,Georgia,OT,2026-01-21,,,Georgia,SEC,5
229,229,Tarrion Grant,Purdue,CB,2026-01-21,,,Indiana,Big Ten,5
230,230,Reggie Powers III,Oklahoma,S,2026-01-21,,,Oklahoma,SEC,5
231,231,Nitro Tuggle,South Carolina,WR,2026-01-21,,,South Carolina,SEC,5
232,232,Ricardo Jones,Vanderbilt,S,2026-01-21,,,Tennessee,SEC,5
233,233,McKale Boley,Virginia,IOL,2026-01-21,,,Virginia,ACC,5
234,234,Xavier Jordan,USC,WR,2026-01-21,,,California,Big Ten,5
235,235,Zina Umeozulu,Texas,EDGE,2026-01-21,,,Texas,SEC,5
236,236,Grant Stec,Wisconsin,TE,2026-01-21,,,Wisconsin,Big Ten,5
237,237,Noah Carter,Georgia Tech,EDGE,2026-01-21,,,Georgia,ACC,5
238,238,Jonathan Echols,Auburn,TE,2026-01-21,,,Alabama,SEC,5
239,239,Daniel Hill,Alabama,RB,2026-01-21,,,Alabama,SEC,5
240,240,Amari Jefferson,Alabama,WR,2026-01-21,,,Alabama,SEC,5
241,241,Dominic Kirks,Ohio State,DL,2026-01-21,,,Ohio,Big Ten,5
242,242,Corian Gipson,Clemson,CB,2026-01-21,,,South Carolina,ACC,5
243,243,Faletau Satuala,BYU,LB,2026-01-21,,,Utah,Big 12,5
244,244,Ben Murawski,Michigan State,IOL,2026-01-21,,,Michigan,Big Ten,5
245,245,Kevin Riley,Alabama,RB,2026-01-21,,,Alabama,SEC,5
246,246,Jeremiah McClellan,Oregon,WR,2026-01-21,,,Oregon,Big Ten,5
247,247,Josh Hoover,Indiana,QB,2026-01-21,,,Indiana,Big Ten,5
248,248,Justin Williams,Georgia,LB,2026-01-21,,,Georgia,SEC,5
249,249,Michael Smith,Ole Miss,TE,2026-01-21,,,Mississippi,SEC,5
250,250,Kam Pringle,South Carolina,OT,2026-01-21,,,South Carolina,SEC,5
251,251,Gavin Hoffman,Iowa,TE,2026-01-21,,,Iowa,Big Ten,2
252,252,Ian Moore,Ohio State,IOL,2026-01-21,,,Ohio,Big Ten,2
253,253,Jamie Tremble,Syracuse,TE,2026-01-21,,,New York,ACC,2
254,254,Ashton Funk,Texas A&M,OT,2026-01-21,,,Texas,SEC,2
255,255,Jackson Arnold,UNLV,QB,2026-01-21,,,Nevada,FBS - Mountain West,2
256,256,Jerrick Gibson,Purdue,RB,2026-01-21,,,Indiana,Big Ten,2
257,257,Dashawn McBryde,LSU,S,2026-01-21,,,Louisiana,SEC,2
258,258,Samuel Omosigho,UCLA,LB,2026-01-21,,,California,Big Ten,2
259,259,Caedmon Crader,Oregon,OT,2026-01-21,,,Oregon,Big Ten,2
260,260,Elias Rudolph,Miami (FL),EDGE,2026-01-21,,,Florida,ACC,2
261,261,Brandon Baker,Texas,OT,2026-01-21,,,Texas,SEC,2
262,262,Jahiem White,West Virginia,RB,2026-01-21,,,West Virginia,Big 12,2
263,263,Cayden Jones,Alabama,LB,2026-01-21,,,Alabama,SEC,2
264,264,Jacob Oden,Michigan,S,2026-01-21,,,Michigan,Big Ten,2
265,265,Jason Patterson,Kentucky,RB,2026-01-21,,,Kentucky,SEC,2
266,266,Dylan Williams,Oregon,LB,2026-01-21,,,Oregon,Big Ten,2
267,267,Bryson Washington,Auburn,RB,2026-01-21,,,Alabama,SEC,2
268,268,Justin Greene,Georgia,EDGE,2026-01-21,,,Georgia,SEC,2
269,269,Nate Johnson,Auburn,EDGE,2026-01-21,,,Alabama,SEC,2
270,270,Daniel Cruz,NC State,IOL,2026-01-21,,,North Carolina,ACC,2
271,271,Charlie Collins,Arkansas,DL,2026-01-21,,,Arkansas,SEC,2
272,272,Trey White,Texas Tech,EDGE,2026-01-21,,,Texas,Big 12,2
273,273,Kenyatta Jackson,Ohio State,EDGE,2026-01-21,,,Ohio,Big Ten,2
274,274,Riley Williams,Mississippi State,TE,2026-01-21,,,Mississippi,SEC,2
275,275,Tavoy Feagin,Clemson,CB,2026-01-21,,,South Carolina,ACC,2
276,276,Justice Williams,Colorado,WR,2026-01-21,,,Colorado,Big 12,2
277,277,Quintavius Johnson,Georgia,EDGE,2026-01-21,,,Georgia,SEC,2
278,278,Brian Huff,Missouri,LB,2026-01-21,,,Missouri,SEC,2
279,279,Marcus Harrison,Georgia,OT,2026-01-21,,,Georgia,SEC,2
280,280,Rocco Becht,Penn State,QB,2026-01-21,,,Pennsylvania,Big Ten,2
281,281,Benjamin Brahmer,Penn State,TE,2026-01-21,,,Pennsylvania,Big Ten,2
282,282,Emanuel Ross,Rutgers,WR,2026-01-21,,,New Jersey,Big Ten,2
283,283,DeAndre Carter,Iowa State,IOL,2026-01-21,,,Iowa,Big 12,2
284,284,Ryan Mack,Miami (FL),CB,2026-01-21,,,Florida,ACC,2
285,285,Grant Brix,Nebraska,OT,2026-01-21,,,Nebraska,Big Ten,2
286,286,Demello Jones,Georgia,S,2026-01-21,,,Georgia,SEC,2
287,287,Jamonta Waller,Arkansas,EDGE,2026-01-21,,,Arkansas,SEC,2
288,288,Rod Moore,Michigan,S,2026-01-21,,,Michigan,Big Ten,2
289,289,Liam Andrews,Penn State,DL,2026-01-21,,,Pennsylvania,Big Ten,2
290,290,Dylan Edwards,Kansas,RB,2026-01-21,,,Kansas,Big 12,2
291,291,Jeffery Rush,Ole Miss,DL,2026-01-21,,,Mississippi,SEC,2
292,292,Bray Hubbard,Alabama,S,2026-01-21,,,Alabama,SEC,2
293,293,Jaden Reddell,Georgia,TE,2026-01-21,,,Georgia,SEC,2
294,294,Adepoju Adebawore,Oklahoma,EDGE,2026-01-21,,,Oklahoma,SEC,2
295,295,Cheta Ofili,TCU,EDGE,2026-01-21,,,Texas,Big 12,2
296,296,Mylan Graham,Notre Dame,WR,2026-01-21,,,Indiana,FBS - Independent,2
297,297,A'Mon Lane-Ganus,Auburn,CB,2026-01-21,,,Alabama,SEC,2
298,298,Anthony Maddox,Ole Miss,QB,2026-01-21,,,Mississippi,SEC,2
299,299,Braylen Russell,Arkansas,RB,2026-01-21,,,Arkansas,SEC,2
300,300,Brandon Jacob,Maryland,S,2026-01-21,,,Maryland,Big Ten,2
301,301,Raion Strader,Pitt,CB,2026-01-21,,,Pennsylvania,ACC,1
302,302,De'Myrion Johnson,LSU,DL,2026-01-21,,,Louisiana,SEC,1
303,303,Caden Durham,LSU,RB,2026-01-21,,,Louisiana,SEC,1
304,304,Danny Okoye,Oklahoma,EDGE,2026-01-21,,,Oklahoma,SEC,1
305,305,Da'Shawn Womack,Auburn,EDGE,2026-01-21,,,Alabama,SEC,1
306,306,Austin Mack,Alabama,QB,2026-01-21,,,Alabama,SEC,1
307,307,Donovan Harbour,Penn State,IOL,2026-01-21,,,Pennsylvania,Big Ten,1
308,308,Demond Williams Jr.,Washington,QB,2026-01-21,,,Washington,Big Ten,1
309,309,Niki Prongos,Stanford,OT,2026-01-21,,,California,ACC,1
310,310,Dejuan Lane,Penn State,S,2026-01-21,,,Pennsylvania,Big Ten,1
311,311,Jelani Thurman,North Carolina,TE,2026-01-21,,,North Carolina,ACC,1
312,312,Gabriel Winowich,Rutgers,RB,2026-01-21,,,New Jersey,Big Ten,1
313,313,Freddie Dubose,Texas,WR,2026-01-21,,,Texas,SEC,1
314,314,Isiah Canion,Georgia,WR,2026-01-21,,,Georgia,SEC,1
315,315,Hogan Hansen,Michigan,TE,2026-01-21,,,Michigan,Big Ten,1
316,316,Elliot Washington II,Clemson,CB,2026-01-21,,,South Carolina,ACC,1
317,317,Jameer Grimsley,Mississippi State,CB,2026-01-21,,,Mississippi,SEC,1
318,318,Jason Brown,Arizona State,RB,2026-01-21,,,Arizona,Big 12,1
319,319,Khalil Barnes,Georgia,S,2026-01-21,,,Georgia,SEC,1
320,320,Jalyn Crawford,Auburn,CB,2026-01-21,,,Alabama,SEC,1
321,321,Jaden Smith,Kentucky,LB,2026-01-21,,,Kentucky,SEC,1
322,322,Kelby Collins,South Carolina,DL,2026-01-21,,,South Carolina,SEC,1
323,323,Joey Olsen,USC,TE,2026-01-21,,,California,Big Ten,1
324,324,Jordan Washington,Arizona,RB,2026-01-21,,,Arizona,Big 12,1
325,325,Daniel Harris,California,CB,2026-01-21,,,California,ACC,1
326,326,Jaylen Heyward,UCF,S,2026-01-21,,,Florida,Big 12,1
327,327,Jimmar Boston,NC State,WR,2026-01-21,,,North Carolina,ACC,1
328,328,Josiah Brown,Penn State,WR,2026-01-21,,,Pennsylvania,Big Ten,1
329,329,Kelvin Hunter,South Carolina,S,2026-01-21,,,South Carolina,SEC,1
330,330,Kolaj Cobbins,LSU,LB,2026-01-21,,,Louisiana,SEC,1
331,331,Cameron Seldon,South Florida,WR,2026-01-21,,,Florida,FBS - AAC,1
332,332,Max Anderson,Kentucky,OT,2026-01-21,,,Kentucky,SEC,1
333,333,Mark Fletcher,Miami (FL),RB,2026-01-21,,,Florida,ACC,1
334,334,Ka'morreun Pimpton,TCU,TE,2026-01-21,,,Texas,Big 12,1
335,335,Nate Kibble,Baylor,IOL,2026-01-21,,,Texas,Big 12,1
336,336,Noah Dixon,Clemson,S,2026-01-21,,,South Carolina,ACC,1
337,337,Ty Lockwood,Arkansas,TE,2026-01-21,,,Arkansas,SEC,1
338,338,Sterling Dixon,Alabama,EDGE,2026-01-21,,,Alabama,SEC,1
339,339,Preston Taumua,Nebraska,IOL,2026-01-21,,,Nebraska,Big Ten,1
340,340,Jaden Rashada,Sacramento State,QB,2026-01-21,,,California,FCS,1
341,341,Adon Shuler,Notre Dame,S,2026-01-21,,,Indiana,FBS - Independent,1
342,342,Samaj Jones,Cincinnati,QB,2026-01-21,,,Ohio,Big 12,1
343,343,Ashton Stamps,Arizona State,CB,2026-01-21,,,Arizona,Big 12,1
344,344,Parker Livingstone,Oklahoma,WR,2026-01-21,,,Oklahoma,SEC,1
345,345,Tayvion Galloway,Purdue,TE,2026-01-21,,,Indiana,Big Ten,1
346,346,Richard Young,Colorado,RB,2026-01-21,,,Colorado,Big 12,1
347,347,Travaris Banks,Ole Miss,CB,2026-01-21,,,Mississippi,SEC,1
348,348,Caleb Herring,South Carolina,EDGE,2026-01-21,,,South Carolina,SEC,1
349,349,Walter Matthews,USC,TE,2026-01-21,,,California,Big Ten,1
350,350,Jelani McDonald,Texas,S,2026-01-21,,,Texas,SEC,1
351,351,Waltclaire Flynn Jr.,UCF,IOL,2026-01-21,,,Florida,Big 12,1
352,352,David Eziomume,Clemson,RB,2026-01-21,,,South Carolina,ACC,1
353,353,AJ Surace,Rutgers,QB,2026-01-21,,,New Jersey,Big Ten,1
354,354,Cam Buffington,Iowa,LB,2026-01-21,,,Iowa,Big Ten,1
355,355,Jordan Renaud,Ole Miss,EDGE,2026-01-21,,,Mississippi,SEC,1
356,356,D'antre Robinson,Oregon,DL,2026-01-21,,,Oregon,Big Ten,1
357,357,Zion Ragins,Mississippi State,WR,2026-01-21,,,Mississippi,SEC,1
358,358,Christian Clark,South Carolina,RB,2026-01-21,,,South Carolina,SEC,1
359,359,Desman Stephens II,USC,LB,2026-01-21,,,California,Big Ten,1
360,360,Gabriel Reliford,LSU,DL,2026-01-21,,,Louisiana,SEC,1
361,361,Elias Williams,Florida,DL,2026-01-21,,,Florida,SEC,1
362,362,Keon Keeley,Notre Dame,EDGE,2026-01-21,,,Indiana,FBS - Independent,1
363,363,Hevin Brown-Shuler,Clemson,DL,2026-01-21,,,South Carolina,ACC,1
364,364,Jide Abasiri,Minnesota,DL,2026-01-21,,,Minnesota,Big Ten,1
365,365,Malachi Nelson,Syracuse,QB,2026-01-21,,,New York,ACC,1
366,366,Gabe VanSickle,Michigan State,IOL,2026-01-21,,,Michigan,Big Ten,1
367,367,Jordan Castell,Kentucky,S,2026-01-21,,,Kentucky,SEC,1
368,368,Luke Williams,Indiana,S,2026-01-21,,,Indiana,Big Ten,1
369,369,Mario Buford,Nebraska,CB,2026-01-21,,,Nebraska,Big Ten,1
370,370,Juâ€™Juan Johnson,Syracuse,RB,2026-01-21,,,New York,ACC,1
371,371,Kellen Lindstrom,Tennessee,EDGE,2026-01-21,,,Tennessee,SEC,1
372,372,Marcellus Barnes,Wisconsin,CB,2026-01-21,,,Wisconsin,Big Ten,1
373,373,KJ Duff,Baylor,TE,2026-01-21,,,Texas,Big 12,1
374,374,Max Granville,Penn State,DL,2026-01-21,,,Pennsylvania,Big Ten,1
375,375,Princewill Umanmielen,Ole Miss,EDGE,2026-01-21,,,Mississippi,SEC,1
376,376,Alex Birchmeier,Liberty,IOL,2026-01-21,,,Virginia,FBS - CUSA,1
377,377,Michael Hawkins,West Virginia,QB,2026-01-21,,,West Virginia,Big 12,1
378,378,Drew Mestemaker,Oklahoma State,QB,2026-01-21,,,Oklahoma,Big 12,1
379,379,Pearce Spurlin III,Colorado State,TE,2026-01-21,,,Colorado,FBS - Mountain West,1
380,380,Paki Finau,BYU,IOL,2026-01-21,,,Utah,Big 12,1
381,381,Myles Davis,Texas Tech,S,2026-01-21,,,Texas,Big 12,1
382,382,Yhonzae Pierre,Alabama,EDGE,2026-01-21,,,Alabama,SEC,1
383,383,Joenel Aguero,Ole Miss,S,2026-01-21,,,Mississippi,SEC,1
384,384,Ryner Swanson,BYU,TE,2026-01-21,,,Utah,Big 12,1
385,385,Styles Prescod,Notre Dame,IOL,2026-01-21,,,Indiana,FBS - Independent,1
386,386,Grayson Howard,South Florida,LB,2026-01-21,,,Florida,FBS - AAC,1
387,387,Geimere Latimer,West Virginia,CB,2026-01-21,,,West Virginia,Big 12,1
388,388,Witt Edwards,Oklahoma,TE,2026-01-21,,,Oklahoma,SEC,1
389,389,Tyler Cherry,Indiana,QB,2026-01-21,,,Indiana,Big Ten,1
390,390,William Sanders,Alabama,IOL,2026-01-21,,,Alabama,SEC,1
391,391,Xavier Atkins,LSU,LB,2026-01-21,,,Louisiana,SEC,1
392,392,Malik Hartford,UCLA,S,2026-01-21,,,California,Big Ten,1
393,393,Quinton Martin,Penn State,RB,2026-01-21,,,Pennsylvania,Big Ten,1
394,394,Bryce Young,Notre Dame,DL,2026-01-21,,,Indiana,FBS - Independent,1
395,395,Isaiah Horton,Texas A&M,WR,2026-01-21,,,Texas,SEC,1
396,396,Smith Snowden,Michigan,CB,2026-01-21,,,Michigan,Big Ten,1
397,397,Bryant Wesco,Clemson,WR,2026-01-21,,,South Carolina,ACC,1
398,398,Stephiylan Green,LSU,DL,2026-01-21,,,Louisiana,SEC,1
399,399,Jalen Hale,SMU,WR,2026-01-21,,,Texas,ACC,1
400,400,Aidan Banfield,North Carolina,IOL,2026-01-21,,,North Carolina,ACC,1
401,401,Luke Reynolds,Virginia Tech,TE,2026-01-21,,,Virginia,ACC,1
402,402,Aaron Scott Jr.,Oregon,CB,2026-01-21,,,Oregon,Big Ten,1
403,403,Jayden Maiava,USC,QB,2026-01-21,,,California,Big Ten,1
404,404,Jaydan Hardy,Colorado,S,2026-01-21,,,Colorado,Big 12,1
405,405,Quincy Rhodes Jr.,Arkansas,EDGE,2026-01-21,,,Arkansas,SEC,1
406,406,Anthonie Knapp,Notre Dame,OT,2026-01-21,,,Indiana,FBS - Independent,1
407,407,DaKaari Nelson,NC State,LB,2026-01-21,,,North Carolina,ACC,1
408,408,Jason Zandamela,Florida,IOL,2026-01-21,,,Florida,SEC,1
409,409,Ellis Davis,Texas Tech,OT,2026-01-21,,,Texas,Big 12,1
410,410,Tree Babalade,Nebraska,OT,2026-01-21,,,Nebraska,Big Ten,1
411,411,Guerby Lambert,Notre Dame,OT,2026-01-21,,,Indiana,FBS - Independent,1
412,412,Jaylen Mbakwe,Georgia Tech,WR,2026-01-21,,,Georgia,ACC,1
413,413,DeAndre Moore Jr.,Colorado,WR,2026-01-21,,,Colorado,Big 12,1
414,414,Wendell Gregory,Kansas State,EDGE,2026-01-21,,,Kansas,Big 12,1
415,415,Joe Phillips,Auburn,EDGE,2026-01-21,,,Alabama,SEC,1
416,416,Ryan Puglisi,Georgia,QB,2026-01-21,,,Georgia,SEC,1
417,417,Collins Acheampong,Bowling Green,EDGE,2026-01-21,,,Ohio,FBS - MAC,1
418,418,Carter Nelson,Nebraska,TE,2026-01-21,,,Nebraska,Big Ten,1
419,419,Bryce West,Wisconsin,CB,2026-01-21,,,Wisconsin,Big Ten,1
420,420,Daylen Austin,Arizona,CB,2026-01-21,,,Arizona,Big 12,1
421,421,Jamari Howard,Florida State,CB,2026-01-21,,,Florida,ACC,1
422,422,Hunter Osborne,Arkansas,DL,2026-01-21,,,Arkansas,SEC,1
423,423,Micah Hudson,Texas Tech,WR,2026-01-21,,,Texas,Big 12,1
424,424,Tylen Singleton,LSU,LB,2026-01-21,,,Louisiana,SEC,1
425,425,Johntay Cook II,Ole Miss,WR,2026-01-21,,,Mississippi,SEC,1
426,426,Braylon Staley,Tennessee,WR,2026-01-21,,,Tennessee,SEC,1
427,427,Jordan Shipp,North Carolina,WR,2026-01-21,,,North Carolina,ACC,1
428,428,J'ven Williams,Penn State,OT,2026-01-21,,,Pennsylvania,Big Ten,1
429,429,Malcolm Ziglar,South Florida,S,2026-01-21,,,Florida,FBS - AAC,1
430,430,Adarius Hayes,Miami (FL),LB,2026-01-21,,,Florida,ACC,1
431,431,Malachi Coleman,Minnesota,WR,2026-01-21,,,Minnesota,Big Ten,1
432,432,Kedren Young,Notre Dame,RB,2026-01-21,,,Indiana,FBS - Independent,1
433,433,Kaleb Jackson,North Carolina,RB,2026-01-21,,,North Carolina,ACC,1
434,434,Tyree Adams,Texas A&M,OT,2026-01-21,,,Texas,SEC,1
435,435,Jeremiah Beaman,Alabama,DL,2026-01-21,,,Alabama,SEC,1
436,436,Riley Sunram,Minnesota,DL,2026-01-21,,,Minnesota,Big Ten,1
437,437,Joshua Mickens,UConn,EDGE,2026-01-21,,,Connecticut,FBS - AAC,1
438,438,Carlon Jones,Arkansas,DL,2026-01-21,,,Arkansas,SEC,1
439,439,Tank Hawkins,Washington State,WR,2026-01-21,,,Washington,Pac 12,1
440,440,King Mack,NC State,S,2026-01-21,,,North Carolina,ACC,1
441,441,Makai Saina,Purdue,IOL,2026-01-21,,,Indiana,Big Ten,1
442,442,Brandon Davis-Swain,Texas A&M,EDGE,2026-01-21,,,Texas,SEC,1
443,443,Lance Heard,Kentucky,OT,2026-01-21,,,Kentucky,SEC,1
444,444,Caleb Woodson,Alabama,LB,2026-01-21,,,Alabama,SEC,1
445,445,Randon Fontenette,Colorado,LB,2026-01-21,,,Colorado,Big 12,1
446,446,Jerod Smith II,Louisville,EDGE,2026-01-21,,,Kentucky,ACC,1
447,447,Kam Davis,Liberty,RB,2026-01-21,,,Virginia,FBS - CUSA,1
448,448,Noah Rogers,Alabama,WR,2026-01-21,,,Alabama,SEC,1
449,449,Rylan Kennedy,Florida State,EDGE,2026-01-21,,,Florida,ACC,1
450,450,Blake Frazier,Michigan,OT,2026-01-21,,,Michigan,Big Ten,1
451,451,Vaboue Toure,Penn State,S,2026-01-21,,,Pennsylvania,Big Ten,1
452,452,Aeryn Hampton,Alabama,WR,2026-01-21,,,Alabama,SEC,1
453,453,Jaylen McClain,Ohio State,S,2026-01-21,,,Ohio,Big Ten,1
454,454,Rico Flores,Virginia,WR,2026-01-21,,,Virginia,ACC,1
455,455,Jordan Pride,Southern Miss,S,2026-01-21,,,Mississippi,FBS - CUSA,1
456,456,Peyton Morgan,Texas Tech,S,2026-01-21,,,Texas,Big 12,1
457,457,DJ Warner,Kansas,EDGE,2026-01-21,,,Kansas,Big 12,1
458,458,Wilkin Formby,Texas A&M,OT,2026-01-21,,,Texas,SEC,1
459,459,Elijah Newby,USC,LB,2026-01-21,,,California,Big Ten,1
460,460,Rico Scott,Alabama,WR,2026-01-21,,,Alabama,SEC,1
461,461,Ty Morris,Rutgers,LB,2026-01-21,,,New Jersey,Big Ten,1
462,462,Air Noland,Memphis,QB,2026-01-21,,,Tennessee,FBS - AAC,1
463,463,Kyngstonn Viliamu-Asa,Notre Dame,LB,2026-01-21,,,Indiana,FBS - Independent,1
464,464,Kenny Johnson,Pitt,WR,2026-01-21,,,Pennsylvania,ACC,1
465,465,Olaus Alinen,Kentucky,OT,2026-01-21,,,Kentucky,SEC,1
466,466,John Walker,Ohio State,DL,2026-01-21,,,Ohio,Big Ten,1
467,467,Qua Russaw,Ohio State,EDGE,2026-01-21,,,Ohio,Big Ten,1
468,468,Kadin Lynch,Utah State,IOL,2026-01-21,,,Utah,FBS - Mountain West,1
469,469,Aaron Flowers,Oregon,S,2026-01-21,,,Oregon,Big Ten,1
470,470,Demarcus Riddick,Auburn,LB,2026-01-21,,,Alabama,SEC,1
471,471,Ethan Calloway,Wake Forest,OT,2026-01-21,,,North Carolina,ACC,1
472,472,Santana Hopper,Colorado,EDGE,2026-01-21,,,Colorado,Big 12,1
473,473,Aaron Chiles,Florida,LB,2026-01-21,,,Florida,SEC,1
474,474,Samuel Okunlola,Colorado,EDGE,2026-01-21,,,Colorado,Big 12,1
475,475,Kobe Black,Texas,CB,2026-01-21,,,Texas,SEC,1
476,476,Peyton Woodyard,Oregon,S,2026-01-21,,,Oregon,Big Ten,1
477,477,Jacarrius Peak,South Carolina,OT,2026-01-21,,,South Carolina,SEC,1
478,478,Boo Carter,Colorado,S,2026-01-21,,,Colorado,Big 12,1
479,479,Jalewis Solomon,South Carolina,CB,2026-01-21,,,South Carolina,SEC,1
480,480,Stanton Ramil,Auburn,OT,2026-01-21,,,Alabama,SEC,1
481,481,Arion Carter,Tennessee,LB,2026-01-21,,,Tennessee,SEC,1
482,482,Micah Gilbert,Notre Dame,WR,2026-01-21,,,Indiana,FBS - Independent,1
483,483,Elija Lofton,Miami (FL),TE,2026-01-21,,,Florida,ACC,1
484,484,Brauntae Johnson,Notre Dame,S,2026-01-21,,,Indiana,FBS - Independent,1
485,485,Jake Garcia,Michigan,QB,2026-01-21,,,Michigan,Big Ten,1
486,486,Xavier Lucas,Miami (FL),S,2026-01-21,,,Florida,ACC,1
487,487,Andrew Depaepe,Massachusetts,DL,2026-01-21,,,Massachusetts,FBS - MAC,1
488,488,Ny Carr,Wake Forest,WR,2026-01-21,,,North Carolina,ACC,1
489,489,T.J. Shanahan,Florida,IOL,2026-01-21,,,Florida,SEC,1
490,490,George Pettaway,James Madison,RB,2026-01-21,,,Virginia,FBS - Sun Belt,1
491,491,Rustin Young,Michigan State,OT,2026-01-21,,,Michigan,Big Ten,1
492,492,Dilin Jones,LSU,RB,2026-01-21,,,Louisiana,SEC,1
493,493,Elijah Moore,Syracuse,WR,2026-01-21,,,New York,ACC,1
494,494,Brayden Platt,Oregon,LB,2026-01-21,,,Oregon,Big Ten,1
495,495,Cooper Barkate,Duke,WR,2026-01-21,,,North Carolina,ACC,1
496,496,Dezz Ricks,Texas A&M,CB,2026-01-21,,,Texas,SEC,1
497,497,Dante Dowdell,Georgia,RB,2026-01-21,,,Georgia,SEC,1
498,498,Jac'Qawn McRoy,North Carolina,OT,2026-01-21,,,North Carolina,ACC,1
499,499,Will Heldt,Clemson,EDGE,2026-01-21,,,South Carolina,ACC,1
500,500,Red Morgan,Alabama,S,2026-01-21,,,Alabama,SEC,1
501,501,Santana Wilson,Louisville,CB,2026-01-21,,,Kentucky,ACC,1
502,502,Ricky Knight III,Florida State,CB,2026-01-21,,,Florida,ACC,1
503,503,Tackett Curtis,UCF,LB,2026-01-21,,,Florida,Big 12,1
504,504,LJ Martin,BYU,RB,2026-01-21,,,Utah,Big 12,1
505,505,Chris Cole,Georgia,LB,2026-01-21,,,Georgia,SEC,1
506,506,Enow Etta,Michigan,DL,2026-01-21,,,Michigan,Big Ten,1
507,507,D.J. Chester,Mississippi State,IOL,2026-01-21,,,Mississippi,SEC,1
508,508,Kylan Fox,Purdue,TE,2026-01-21,,,Indiana,Big Ten,1
509,509,Bo Hughley,Colorado,OT,2026-01-21,,,Colorado,Big 12,1
510,510,Walker White,Central Arkansas,QB,2026-01-21,,,Arkansas,FCS,1
511,511,William Echoles,Ole Miss,DL,2026-01-21,,,Mississippi,SEC,1
512,512,Mylachi Williams,Virginia Tech,DL,2026-01-21,,,Virginia,ACC,1
513,513,Derek Williams Jr.,Texas,S,2026-01-21,,,Texas,SEC,1
514,514,Terry Moore,Ohio State,S,2026-01-21,,,Ohio,Big Ten,1
515,515,Kris Jones,Georgia,LB,2026-01-21,,,Georgia,SEC,1
516,516,Roderick Robinson II,UAB,RB,2026-01-21,,,Alabama,FBS - AAC,1
517,517,Emmett Laws,Virginia Tech,DL,2026-01-21,,,Virginia,ACC,1
518,518,Luke Harpring,Florida,TE,2026-01-21,,,Florida,SEC,1
519,519,Jonathan Daniels,Florida State,OT,2026-01-21,,,Florida,ACC,1
520,520,Steve Bolo Mboumoua,Alabama,EDGE,2026-01-21,,,Alabama,SEC,1
521,521,Austin Novosad,Bowling Green,QB,2026-01-21,,,Ohio,FBS - MAC,1
522,522,Trey Owens,Arkansas State,QB,2026-01-21,,,Arkansas,FBS - Sun Belt,1
523,523,Ian Strong,California,WR,2026-01-21,,,California,ACC,1
524,524,Treyaun Webb,Appalachian State,RB,2026-01-21,,,North Carolina,FBS - Sun Belt,1
525,525,Trajen Greco,Missouri,S,2026-01-21,,,Missouri,SEC,1
526,526,Lucas Simmons,Florida State,OT,2026-01-21,,,Florida,ACC,1
527,527,Gekyle Baker,TCU,WR,2026-01-21,,,Texas,Big 12,1
528,528,Isendre Ahfua,Texas A&M,IOL,2026-01-21,,,Texas,SEC,1
529,529,Lawayne McCoy,Louisville,WR,2026-01-21,,,Kentucky,ACC,1
530,530,David Olano,Texas A&M,K,2026-01-21,,,Texas,SEC,1
531,531,Andrew Dennis,Illinois,IOL,2026-01-21,,,Illinois,Big Ten,1
532,532,Braylon Burnside,Mississippi State,S,2026-01-21,,,Mississippi,SEC,1
533,533,Chauncey Bowens,Georgia,RB,2026-01-21,,,Georgia,SEC,1
534,534,JJ Harrell,Mississippi State,WR,2026-01-21,,,Mississippi,SEC,1
535,535,CJ Jackson,LSU,EDGE,2026-01-21,,,Louisiana,SEC,1
536,536,Jerrae Hawkins,Florida,WR,2026-01-21,,,Florida,SEC,1
537,537,Chris Johnson Jr.,Clemson,RB,2026-01-21,,,South Carolina,ACC,1
538,538,Jelani Watkins,Arkansas,WR,2026-01-21,,,Arkansas,SEC,1
539,539,Joel Rogers,LSU,S,2026-01-21,,,Louisiana,SEC,1
540,540,Jayce Brown,LSU,WR,2026-01-21,,,Louisiana,SEC,1
541,541,Jordon Johnson-Rubell,Texas,CB,2026-01-21,,,Texas,SEC,1
542,542,Kavion Henderson,Arkansas,EDGE,2026-01-21,,,Arkansas,SEC,1
543,543,Kamron Beavers,Ole Miss,DL,2026-01-21,,,Mississippi,SEC,1
544,544,Ja'Bril Rawls,Florida State,S,2026-01-21,,,Florida,ACC,1
545,545,King Joseph Edwards,Syracuse,EDGE,2026-01-21,,,New York,ACC,1
546,546,PJ Woodland,LSU,CB,2026-01-21,,,Louisiana,SEC,1
547,547,Terhyon Nichols,Kentucky,CB,2026-01-21,,,Kentucky,SEC,1
548,548,Terrance Carter,Texas Tech,TE,2026-01-21,,,Texas,Big 12,1
549,549,Aneyas Williams,Notre Dame,RB,2026-01-21,,,Indiana,FBS - Independent,1
550,550,Colin Hurley,Michigan,QB,2026-01-21,,,Michigan,Big Ten,1
551,551,Edwin Spillman,Tennessee,LB,2026-01-21,,,Tennessee,SEC,1
552,552,Rasheem Biles,Texas,LB,2026-01-21,,,Texas,SEC,1
553,553,Ethan Moczulski,Illinois,K,2026-01-21,,,Illinois,Big Ten,1
554,554,Isaac Wilson,Colorado,QB,2026-01-21,,,Colorado,Big 12,1
555,555,Jacob Ponton,Texas Tech,OT,2026-01-21,,,Texas,Big 12,1
556,556,Mark Schroller,UCLA,OT,2026-01-21,,,California,Big Ten,1
557,557,Matthew Fuller,Georgia,RB,2026-01-21,,,Georgia,SEC,1
558,558,Dion Crawford,Buffalo,LB,2026-01-21,,,New York,FBS - MAC,1
559,559,Xadavien Sims,Oregon,DL,2026-01-21,,,Oregon,Big Ten,1
560,560,Jaylen Raynor,Iowa State,QB,2026-01-21,,,Iowa,Big 12,1
561,561,TJ Bush,Minnesota,EDGE,2026-01-21,,,Minnesota,Big Ten,1
562,562,Chandavian Bradley,Oklahoma State,EDGE,2026-01-21,,,Oklahoma,Big 12,1
563,563,Tony Mitchell,Ole Miss,S,2026-01-21,,,Mississippi,SEC,1
564,564,Chris Marshall,Arkansas,WR,2026-01-21,,,Arkansas,SEC,1
565,565,Jaheim Singletary,Iowa State,CB,2026-01-21,,,Iowa,Big 12,1
566,566,C.J. Hicks,South Florida,EDGE,2026-01-21,,,Florida,FBS - AAC,1
567,567,Raleek Brown,Texas,RB,2026-01-21,,,Texas,SEC,1
568,568,Tegra Tshabola,Kentucky,IOL,2026-01-21,,,Kentucky,SEC,1
569,569,Nick Evers,Missouri,QB,2026-01-21,,,Missouri,SEC,1
570,570,Kam Mikell,Colorado,WR,2026-01-21,,,Colorado,Big 12,1
571,571,Donovan Green,Oklahoma State,TE,2026-01-21,,,Oklahoma,Big 12,1
572,572,Jacob Sexton,Oklahoma State,OT,2026-01-21,,,Oklahoma,Big 12,1
573,573,Gentry Williams,Georgia,CB,2026-01-21,,,Georgia,SEC,1
574,574,LJ McCray,Florida,EDGE,2026-01-21,,,Florida,SEC,1
575,575,Josiah Thompson,South Carolina,OT,2026-01-21,,,South Carolina,SEC,1
576,576,Luke Kromenhoek,South Florida,QB,2026-01-21,,,Florida,FBS - AAC,1
577,577,Zavier Mincey,Alabama,S,2026-01-21,,,Alabama,SEC,1
578,578,Kaden Helms,Minnesota,TE,2026-01-21,,,Minnesota,Big Ten,1
579,579,Dashawn Spears,LSU,S,2026-01-21,,,Louisiana,SEC,1
580,580,Trent Walker,Houston,WR,2026-01-21,,,Texas,Big 12,1
581,581,Neto Umeozulu,Texas,IOL,2026-01-21,,,Texas,SEC,1
582,582,Ryan Wingo,Texas,WR,2026-01-21,,,Texas,SEC,1
583,583,Decker Degraaf,Washington,TE,2026-01-21,,,Washington,Big Ten,1
584,584,Nick Marsh,Indiana,WR,2026-01-21,,,Indiana,Big Ten,1
585,585,Francis Brewu,Notre Dame,DL,2026-01-21,,,Indiana,FBS - Independent,1
586,586,A.J. Swann,Mississippi State,QB,2026-01-21,,,Mississippi,SEC,1
587,587,Kaden Saunders,Penn State,WR,2026-01-21,,,Pennsylvania,Big Ten,1
588,588,Devin Brown,Weber State,QB,2026-01-21,,,Utah,FCS,1
589,589,Walker Howard,Ole Miss,QB,2026-01-21,,,Mississippi,SEC,1
590,590,Malcolm Simmons,Texas Tech,WR,2026-01-21,,,Texas,Big 12,1
591,591,Kamari Wilson,West Virginia,S,2026-01-21,,,West Virginia,Big 12,1
592,592,Emar'rion Winston,Arizona State,EDGE,2026-01-21,,,Arizona,Big 12,1
593,593,Bear Alexander,Oregon,DL,2026-01-21,,,Oregon,Big Ten,1
594,594,KP Price,Boston College,S,2026-01-21,,,Massachusetts,ACC,1
595,595,Lincoln Kienholz,Louisville,QB,2026-01-21,,,Kentucky,ACC,1
596,596,John Nestor,Minnesota,CB,2026-01-21,,,Minnesota,Big Ten,1
597,597,Iverson Hooks,Oregon,WR,2026-01-21,,,Oregon,Big Ten,1
598,598,Jayden Gibson,South Carolina,WR,2026-01-21,,,South Carolina,SEC,1
599,599,Joe Brunner,Indiana,IOL,2026-01-21,,,Indiana,Big Ten,1
600,600,John Henry Daley,Michigan,EDGE,2026-01-21,,,Michigan,Big Ten,1
601,601,Daniel James,Cincinnati,CB,2026-01-21,,,Ohio,Big 12,1
602,602,Earl Little II,Ohio State,S,2026-01-21,,,Ohio,Big Ten,1
603,603,Wes King,West Virginia,IOL,2026-01-21,,,West Virginia,Big 12,1
604,604,Dallan Hayden,Colorado,RB,2026-01-21,,,Colorado,Big 12,1
605,605,Kevin Heywood,Wisconsin,OT,2026-01-21,,,Wisconsin,Big Ten,1
606,606,Dwight Phillips Jr.,Georgia,RB,2026-01-21,,,Georgia,SEC,1
607,607,Cole Rhett,Toledo,OT,2026-01-21,,,Ohio,FBS - MAC,1
608,608,M.J. Morris,Coastal Carolina,QB,2026-01-21,,,South Carolina,FCS,1
609,609,Brendan Sorsby,Texas Tech,QB,2026-01-21,,,Texas,Big 12,1
610,610,Emmanuel Poku,South Carolina,IOL,2026-01-21,,,South Carolina,SEC,1
611,611,Bryce Anderson,Texas A&M,S,2026-01-21,,,Texas,SEC,1
612,612,Jimarion McCrimon,East Carolina,OT,2026-01-21,,,North Carolina,FBS - AAC,1
613,613,Gavin Sawchuk,Northwestern,RB,2026-01-21,,,Illinois,Big Ten,1
614,614,Theo Melin Ohrstrom,SMU,TE,2026-01-21,,,Texas,ACC,1
615,615,Hollywood Smothers,Texas,RB,2026-01-21,,,Texas,SEC,1
616,616,Mateen Ibirogba,Texas Tech,DL,2026-01-21,,,Texas,Big 12,1
617,617,Beau Pribula,Virginia,QB,2026-01-21,,,Virginia,ACC,1
618,618,Clev Lubin,Louisville,EDGE,2026-01-21,,,Kentucky,ACC,1
619,619,Enai White,Oklahoma State,EDGE,2026-01-21,,,Oklahoma,Big 12,1
620,620,Christian Alliegro,Ohio State,LB,2026-01-21,,,Ohio,Big Ten,1
621,621,Jake Johnson,Auburn,TE,2026-01-21,,,Alabama,SEC,1
622,622,Waymond Jordan,USC,RB,2026-01-21,,,California,Big Ten,1
623,623,Amaree Williams,Mississippi State,TE,2026-01-21,,,Mississippi,SEC,1
624,624,Michael Van Buren,South Florida,QB,2026-01-21,,,Florida,FBS - AAC,1
625,625,Devon Baxter,Virginia,EDGE,2026-01-21,,,Virginia,ACC,1
626,626,Jeremiah Cooper,Penn State,CB,2026-01-21,,,Pennsylvania,Big Ten,1
627,627,Asani Redwood,West Virginia,DL,2026-01-21,,,West Virginia,Big 12,1
628,628,Laurence Seymore,Western Kentucky,IOL,2026-01-21,,,Kentucky,FBS - CUSA,1
629,629,Byrum Brown,Auburn,QB,2026-01-21,,,Alabama,SEC,1
630,630,Donovan Saunders,Purdue,CB,2026-01-21,,,Indiana,Big Ten,1
631,631,Jake Merklinger,UConn,QB,2026-01-21,,,Connecticut,FBS - AAC,1
632,632,Tobi Osunsanmi,Indiana,EDGE,2026-01-21,,,Indiana,Big Ten,1
633,633,Jaylin Lucas,Florida State,RB,2026-01-21,,,Florida,ACC,1
634,634,Kemari Copeland,Virginia Tech,DL,2026-01-21,,,Virginia,ACC,1
635,635,Ify Obidegwu,Oregon,CB,2026-01-21,,,Oregon,Big Ten,1
637,637,Jadan Baugh,Florida,RB,2026-01-21,,,Florida,SEC,1
638,638,Garrett Stover,Ohio State,LB,2026-01-21,,,Ohio,Big Ten,1
639,639,Zion Kearney,Wisconsin,WR,2026-01-21,,,Wisconsin,Big Ten,1
640,640,Ory Williams,Tennessee,OT,2026-01-21,,,Tennessee,SEC,1
641,641,Caleb Holmes,Pitt,IOL,2026-01-21,,,Pennsylvania,ACC,1
642,642,CJ Carr,Notre Dame,QB,2026-01-21,,,Indiana,FBS - Independent,1
643,643,Marquise Lightfoot,Miami (FL),EDGE,2026-01-21,,,Florida,ACC,1
644,644,Miles O'Neill,North Carolina,QB,2026-01-21,,,North Carolina,ACC,1
645,645,Nathan Roy,Minnesota,IOL,2026-01-21,,,Minnesota,Big Ten,1
646,646,James Williams,Oklahoma State,EDGE,2026-01-21,,,Oklahoma,Big 12,1
647,647,Kolt Dieterich,Washington,OT,2026-01-21,,,Washington,Big Ten,1
648,648,Marcel Reed,Texas A&M,QB,2026-01-21,,,Texas,SEC,1
649,649,Taylor Tatum,Michigan,RB,2026-01-21,,,Michigan,Big Ten,1
650,650,Tunmise Adeleye,Syracuse,DL,2026-01-21,,,New York,ACC,1
651,651,J.K. Johnson,Florida Atlantic,CB,2026-01-21,,,Florida,FBS - AAC,1
652,652,Jardin Gilbert,Mississippi State,S,2026-01-21,,,Mississippi,SEC,1
653,653,Evan Pryor,Florida,RB,2026-01-21,,,Florida,SEC,1
654,654,Destyn Hill,Tulane,WR,2026-01-21,,,Louisiana,FBS - AAC,1
655,655,Horatio Fields,Missouri,WR,2026-01-21,,,Missouri,SEC,1
656,656,Corey Platt Jr.,Texas Tech,LB,2026-01-21,,,Texas,Big 12,1
657,657,Cole Rusk,Arizona,TE,2026-01-21,,,Arizona,Big 12,1
658,658,Troy Omeire,UNLV,WR,2026-01-21,,,Nevada,FBS - Mountain West,1
659,659,Max Johnson,Georgia Southern,QB,2026-01-21,,,Georgia,FBS - Sun Belt,1
660,660,Braydon Bennett,Virginia Tech,RB,2026-01-21,,,Virginia,ACC,1
661,661,T.J. Finley,Incarnate Word,QB,2026-01-21,,,Texas,FCS,1
662,662,Kam Shanks,Wake Forest,WR,2026-01-21,,,North Carolina,ACC,1
663,663,Desmond Umeozulu,Alabama,EDGE,2026-01-21,,,Alabama,SEC,1
664,664,Wilfredo Aybar,Stanford,EDGE,2026-01-21,,,California,ACC,1
665,665,Nyziah Hunter,Nebraska,WR,2026-01-21,,,Nebraska,Big Ten,1
666,666,Christian Gray,Notre Dame,CB,2026-01-21,,,Indiana,FBS - Independent,1
667,667,Drew Azzopardi,Washington,OT,2026-01-21,,,Washington,Big Ten,1
668,668,Teitum Tuioti,Oregon,EDGE,2026-01-21,,,Oregon,Big Ten,1
